order_id;product_id;quantity;unit_price
1;218;6;48.37
2;451;2;56.38
3;445;3;51.44
4;318;1;78.31
5;49;6;19.33
6;234;10;68.05
7;152;7;63.95
8;165;10;48.48
9;16;3;80.83
10;144;3;92.75
11;329;7;9.72
12;213;8;24.23
13;60;3;72.1
14;189;10;92.2
15;437;9;78.61
16;294;6;54.04
17;473;2;37.06
18;5;2;84.38
19;116;9;30.28
20;15;9;62.66
21;413;3;86.3
22;461;5;92.11
23;75;3;43.31
24;399;3;107.83
25;228;8;108.22
26;149;2;51.67
27;71;2;33.44
28;490;5;90.45
29;371;3;62.7
30;200;9;81.77
31;222;3;76.98
32;173;7;94.46
33;83;7;5.36
34;14;6;21.67
35;48;8;25.6
36;24;5;35.58
37;393;4;27.79
38;6;8;74.18
39;190;3;52.23
40;263;5;46.16
41;181;2;114.05
42;351;3;34.76
43;65;6;31.7
44;94;6;37.0
45;160;3;15.45
46;380;7;72.91
47;482;4;69.9
48;402;9;76.44
49;12;3;88.55
50;255;10;50.28
51;214;2;103.55
52;358;4;21.31
53;277;8;74.52
54;427;8;23.41
55;205;1;40.16
56;396;9;21.53
57;146;2;49.6
58;257;9;37.33
59;104;6;39.4
60;24;5;35.75
61;362;6;22.36
62;136;7;86.76
63;364;7;84.27
64;173;3;90.63
65;189;1;76.84
66;284;10;71.97
67;283;1;41.26
68;489;1;85.36
69;471;4;56.58
70;216;5;88.47
71;340;2;83.93
72;239;8;29.43
73;196;8;18.78
74;291;2;13.31
75;222;8;82.63
76;399;4;118.77
77;326;7;89.99
78;401;7;88.31
79;384;1;6.98
80;103;7;89.88
81;432;6;23.41
82;458;7;65.29
83;309;9;50.69
84;224;10;81.31
85;34;6;68.99
86;124;10;36.1
87;436;6;30.37
88;354;5;79.67
89;387;4;74.29
90;181;9;114.2
91;268;8;40.21
92;458;3;63.13
93;332;7;8.76
94;200;8;65.05
95;322;7;76.23
96;496;3;97.91
97;288;3;35.41
98;64;8;56.22
99;243;8;56.1
100;23;8;41.34
101;474;2;28.99
102;421;2;12.82
103;349;2;42.79
104;350;4;20.07
105;331;9;51.2
106;323;2;74.54
107;413;8;77.17
108;303;3;67.36
109;315;9;45.34
110;113;10;22.93
111;316;8;41.62
112;306;5;43.42
113;107;5;24.31
114;248;5;34.39
115;459;1;61.04
116;279;3;76.22
117;217;2;18.96
118;96;7;19.96
119;347;2;84.46
120;49;8;19.88
121;410;10;80.33
122;422;9;81.96
123;226;8;26.12
124;253;6;86.09
125;115;2;69.36
126;324;7;52.99
127;466;6;93.13
128;227;8;30.18
129;433;6;37.53
130;112;5;36.47
131;94;10;54.12
132;92;1;71.66
133;264;4;95.14
134;52;6;63.79
135;320;6;96.58
136;380;8;82.88
137;330;8;26.24
138;356;1;22.15
139;332;8;11.53
140;289;2;54.22
141;358;5;18.07
142;263;3;40.41
143;257;5;35.47
144;119;5;43.17
145;318;5;85.45
146;9;4;61.68
147;407;5;14.03
148;28;3;82.95
149;265;3;34.13
150;113;7;29.78
151;125;8;83.66
152;11;6;56.39
153;217;3;23.48
154;30;3;45.29
155;244;7;6.6
156;332;6;12.3
157;67;6;57.96
158;490;6;103.82
159;246;1;64.32
160;211;5;35.14
161;87;10;58.21
162;262;1;112.58
163;96;7;17.86
164;464;8;73.52
165;228;6;83.14
166;446;8;9.81
167;68;1;11.89
168;304;7;39.01
169;252;4;77.21
170;156;5;86.9
171;203;6;17.39
172;343;4;98.44
173;268;7;35.72
174;328;7;13.36
175;334;1;102.5
176;275;4;51.0
177;237;7;8.67
178;243;10;62.15
179;491;4;23.92
180;228;1;85.16
181;175;7;75.18
182;84;3;31.17
183;223;1;72.24
184;163;4;96.87
185;274;6;24.57
186;316;4;49.98
187;206;5;25.73
188;73;2;17.22
189;33;7;60.23
190;41;9;64.56
191;426;7;83.54
192;243;4;76.96
193;294;1;68.92
194;457;4;45.04
195;200;10;64.35
196;68;2;9.69
197;454;5;14.37
198;349;4;43.41
199;190;9;58.29
200;315;1;41.65
201;350;7;19.52
202;11;6;54.75
203;130;7;83.24
204;451;7;66.36
205;242;8;10.95
206;402;1;88.55
207;12;3;80.07
208;4;2;69.01
209;155;7;54.9
210;308;3;69.46
211;21;1;66.39
212;308;4;49.85
213;402;6;96.54
214;497;3;99.38
215;455;6;79.66
216;16;7;69.56
217;427;10;27.16
218;162;6;10.82
219;349;6;62.11
220;391;4;16.41
221;311;10;76.95
222;363;9;85.73
223;134;5;79.32
224;85;2;42.55
225;391;3;12.47
226;395;8;34.89
227;107;5;23.65
228;181;9;104.81
229;315;10;39.43
230;377;1;32.41
231;396;6;23.42
232;376;7;42.31
233;231;4;14.43
234;253;3;102.26
235;444;9;75.09
236;168;6;31.28
237;452;10;66.94
238;315;2;37.17
239;22;5;59.64
240;291;6;16.4
241;365;4;44.59
242;235;9;104.75
243;414;9;39.59
244;458;6;70.03
245;292;7;58.93
246;285;6;59.58
247;415;1;33.1
248;86;10;84.75
249;481;7;22.78
250;332;5;12.24
251;434;9;89.17
252;280;8;40.6
253;20;6;103.29
254;316;6;48.84
255;236;8;37.38
256;363;8;64.29
257;430;9;29.27
258;270;4;65.28
259;304;8;44.72
260;448;6;93.5
261;359;5;11.92
262;234;2;63.61
263;125;4;83.57
264;438;6;45.77
265;229;2;21.52
266;144;5;99.81
267;232;7;62.52
268;206;5;19.2
269;179;1;74.38
270;400;7;52.88
271;411;3;89.02
272;69;3;67.84
273;101;6;41.05
274;274;7;28.74
275;254;5;102.51
276;364;3;59.64
277;483;7;27.23
278;262;4;92.21
279;136;2;85.9
280;24;6;46.0
281;52;4;71.65
282;160;4;14.68
283;494;2;63.31
284;415;9;37.9
285;450;2;16.8
286;272;3;56.56
287;113;9;31.95
288;31;2;56.22
289;340;9;99.12
290;228;6;87.45
291;234;5;60.64
292;282;4;65.27
293;88;7;58.69
294;369;2;31.28
295;415;3;30.41
296;430;4;33.11
297;315;1;44.61
298;402;9;85.04
299;278;1;78.79
300;106;3;33.95
301;74;2;38.09
302;464;1;79.68
303;240;6;86.29
304;225;7;79.68
305;411;7;69.06
306;296;5;10.23
307;160;6;13.88
308;410;1;81.9
309;439;3;84.29
310;414;9;39.67
311;275;10;67.48
312;149;6;60.82
313;105;4;26.54
314;399;1;106.72
315;17;6;26.37
316;391;5;11.58
317;136;4;90.5
318;259;6;65.52
319;80;6;93.71
320;466;1;89.5
321;303;4;77.5
322;332;7;10.97
323;141;8;75.86
324;253;2;70.29
325;219;3;57.61
326;56;5;19.23
327;431;4;91.96
328;492;4;22.97
329;337;7;38.83
330;370;8;74.59
331;326;5;84.11
332;139;5;48.29
333;302;5;99.82
334;259;2;61.39
335;171;10;27.6
336;126;10;16.71
337;130;5;67.96
338;325;4;98.54
339;102;7;94.5
340;114;2;15.72
341;339;3;57.2
342;50;8;100.91
343;368;1;67.04
344;195;5;10.56
345;467;7;81.16
346;144;3;114.69
347;449;3;51.96
348;107;3;22.75
349;475;2;12.53
350;286;1;7.24
351;4;6;74.12
352;460;4;35.33
353;457;7;64.8
354;117;6;112.84
355;282;6;59.39
356;206;6;25.92
357;438;6;33.91
358;220;8;63.09
359;224;9;98.84
360;487;8;59.06
361;117;8;98.06
362;364;10;74.22
363;354;3;72.42
364;14;2;16.66
365;452;8;74.9
366;170;9;55.9
367;369;6;35.85
368;212;6;17.45
369;392;4;56.65
370;302;5;100.8
371;379;8;59.88
372;346;9;61.34
373;416;7;37.36
374;105;2;19.74
375;108;10;41.55
376;253;4;81.99
377;444;6;72.41
378;193;9;43.9
379;271;1;30.65
380;98;6;59.39
381;6;2;76.63
382;15;10;72.98
383;342;10;55.19
384;202;4;5.89
385;144;3;82.5
386;429;10;51.98
387;281;4;68.42
388;153;8;51.39
389;177;3;37.51
390;280;2;33.01
391;4;7;57.7
392;88;2;59.48
393;53;10;98.74
394;451;1;70.31
395;325;6;102.45
396;386;9;42.72
397;84;5;31.19
398;219;8;61.55
399;9;8;44.81
400;106;4;31.28
401;359;8;11.79
402;128;8;48.87
403;393;10;20.81
404;42;4;8.0
405;452;9;73.36
406;368;4;84.05
407;349;6;47.27
408;140;6;89.89
409;62;1;75.75
410;238;9;54.92
411;336;9;70.03
412;353;2;104.61
413;198;6;21.18
414;37;5;31.57
415;192;8;59.68
416;180;5;94.28
417;240;5;60.62
418;284;3;97.8
419;42;2;7.21
420;125;10;78.16
421;29;4;51.19
422;46;5;39.84
423;237;3;9.33
424;40;2;50.6
425;472;8;8.68
426;31;7;54.99
427;237;10;9.92
428;50;10;102.45
429;473;8;42.25
430;122;1;22.2
431;413;5;100.27
432;189;4;65.81
433;50;7;77.41
434;77;10;61.25
435;174;7;95.05
436;63;8;42.44
437;300;4;81.43
438;177;4;30.55
439;403;1;16.94
440;49;4;17.74
441;87;1;64.72
442;167;5;36.42
443;324;5;68.32
444;357;4;29.05
445;398;6;57.88
446;433;4;33.37
447;60;3;85.87
448;305;7;38.86
449;382;10;91.25
450;147;8;60.92
451;349;4;45.15
452;91;1;32.36
453;249;1;96.48
454;110;1;58.59
455;470;8;16.92
456;180;5;93.01
457;497;10;80.38
458;451;9;64.81
459;500;5;34.3
460;113;4;32.4
461;301;7;77.19
462;238;6;40.81
463;80;1;67.71
464;372;3;43.25
465;328;6;13.84
466;447;9;16.63
467;273;3;50.83
468;311;8;72.78
469;198;9;27.85
470;392;4;51.91
471;367;7;114.23
472;321;5;74.8
473;54;9;21.14
474;72;4;71.6
475;46;4;51.6
476;127;6;45.9
477;221;2;69.64
478;112;5;36.97
479;118;8;62.83
480;108;7;44.66
481;192;7;82.08
482;303;6;76.67
483;465;9;6.83
484;74;5;37.4
485;129;9;55.99
486;260;4;38.95
487;186;9;33.66
488;219;4;53.63
489;199;5;82.52
490;347;3;107.82
491;285;2;55.32
492;407;9;15.62
493;326;7;79.4
494;355;7;79.65
495;73;10;16.47
496;485;3;17.13
497;144;2;86.12
498;236;7;36.8
499;20;3;81.99
500;294;7;73.62
501;32;10;66.37
502;271;10;29.73
503;331;10;56.34
504;309;7;40.28
505;446;7;7.9
506;357;8;27.6
507;228;10;112.97
508;178;5;16.71
509;67;3;65.04
510;194;9;78.93
511;421;3;17.12
512;59;9;92.41
513;318;1;82.19
514;244;1;7.14
515;487;2;41.17
516;405;9;86.33
517;420;8;47.06
518;416;8;31.92
519;464;5;63.51
520;8;10;12.46
521;336;1;84.84
522;267;10;9.86
523;365;9;41.75
524;205;7;33.39
525;274;4;27.23
526;347;2;106.65
527;157;4;15.24
528;30;6;45.26
529;477;5;50.77
530;398;3;68.44
531;147;10;68.2
532;409;6;13.73
533;169;9;55.31
534;68;6;11.27
535;250;8;101.21
536;189;9;77.28
537;498;4;35.49
538;291;4;17.17
539;48;3;22.7
540;391;3;15.66
541;487;1;46.95
542;336;5;90.41
543;460;7;25.84
544;81;3;99.47
545;306;5;52.15
546;446;8;8.57
547;438;5;45.61
548;396;2;25.32
549;282;5;83.46
550;161;1;75.59
551;76;8;60.42
552;106;2;28.17
553;443;7;62.92
554;299;4;41.7
555;490;7;94.0
556;251;8;71.98
557;111;8;56.69
558;306;1;45.02
559;281;6;79.99
560;42;2;7.78
561;496;3;92.45
562;243;2;64.51
563;134;6;57.09
564;39;3;48.8
565;367;1;95.2
566;237;4;10.08
567;34;2;53.48
568;26;3;8.51
569;263;10;48.3
570;233;1;81.03
571;266;7;97.38
572;296;8;11.24
573;362;1;21.48
574;497;6;77.3
575;316;7;43.05
576;446;5;9.58
577;133;3;29.66
578;192;9;79.71
579;150;6;44.83
580;401;3;87.95
581;176;3;6.03
582;307;1;75.88
583;48;10;26.96
584;203;9;16.69
585;42;8;8.73
586;294;6;63.82
587;308;5;50.07
588;298;8;56.44
589;14;4;20.16
590;211;8;33.94
591;78;3;18.09
592;11;1;49.35
593;326;5;77.71
594;430;4;24.27
595;74;3;47.83
596;318;5;64.63
597;274;8;24.93
598;483;9;36.08
599;66;10;105.88
600;176;4;6.32
601;448;8;66.17
602;123;10;52.9
603;312;2;111.07
604;267;8;10.47
605;241;2;18.37
606;278;5;81.63
607;337;8;49.68
608;439;9;65.92
609;454;6;14.19
610;476;6;10.15
611;28;1;90.06
612;416;1;33.76
613;249;5;82.28
614;99;2;56.07
615;116;1;27.73
616;215;2;63.62
617;474;5;25.52
618;456;3;63.28
619;400;3;54.93
620;44;6;87.88
621;38;7;26.1
622;409;4;10.91
623;298;9;63.75
624;378;2;37.61
625;290;3;92.17
626;400;4;44.91
627;492;6;21.99
628;403;10;24.09
629;300;2;91.71
630;80;4;94.37
631;113;5;31.68
632;98;1;54.47
633;351;10;33.08
634;364;8;78.5
635;480;1;44.84
636;282;6;65.34
637;257;7;47.54
638;433;8;40.62
639;236;2;38.33
640;250;7;101.73
641;329;6;9.32
642;406;8;77.61
643;106;9;27.32
644;30;3;47.77
645;41;9;61.19
646;259;7;60.12
647;392;9;48.15
648;191;6;60.68
649;63;8;41.7
650;162;8;12.34
651;251;5;62.55
652;243;6;81.39
653;487;5;48.28
654;423;7;51.35
655;291;2;18.91
656;2;3;85.62
657;41;5;66.66
658;125;3;97.26
659;50;8;87.55
660;438;5;40.13
661;307;3;76.84
662;427;4;20.59
663;494;6;73.7
664;369;1;28.25
665;263;7;47.89
666;306;1;38.57
667;30;9;48.69
668;17;9;32.71
669;370;1;65.56
670;310;9;78.05
671;441;9;79.99
672;263;4;41.84
673;56;9;17.52
674;440;9;34.41
675;254;2;80.92
676;238;8;49.9
677;454;7;18.74
678;316;7;43.76
679;197;7;79.47
680;21;8;73.98
681;342;5;60.7
682;479;1;9.82
683;454;8;16.67
684;266;6;106.63
685;246;4;65.06
686;322;2;93.65
687;476;9;10.62
688;126;6;11.77
689;446;7;9.1
690;36;3;27.76
691;9;2;43.26
692;297;6;75.52
693;110;6;73.11
694;410;5;109.4
695;403;2;23.33
696;182;10;79.9
697;168;4;28.39
698;165;6;41.7
699;94;5;46.18
700;429;6;48.42
701;285;1;41.17
702;318;9;86.65
703;125;1;77.61
704;241;3;23.43
705;79;8;65.46
706;322;2;79.22
707;111;8;63.49
708;398;7;66.99
709;84;5;33.4
710;280;1;32.8
711;167;3;46.46
712;409;2;11.07
713;213;5;22.01
714;271;9;31.47
715;234;7;84.07
716;465;6;6.48
717;204;7;11.21
718;440;3;29.48
719;152;5;48.81
720;167;5;41.42
721;234;10;79.93
722;133;6;26.63
723;345;3;61.98
724;323;5;64.5
725;163;1;79.37
726;448;1;68.44
727;82;6;104.74
728;134;8;78.16
729;162;1;13.02
730;108;8;35.76
731;272;5;73.4
732;194;9;104.91
733;415;3;43.58
734;116;9;27.63
735;304;1;50.36
736;301;6;96.04
737;282;5;78.74
738;428;9;45.34
739;128;2;59.57
740;1;10;73.41
741;429;2;55.47
742;226;6;28.71
743;249;5;88.62
744;281;8;86.66
745;296;10;10.66
746;353;8;93.61
747;241;7;19.06
748;238;3;51.66
749;117;3;108.92
750;109;8;53.65
751;299;10;42.35
752;382;2;86.66
753;397;8;75.96
754;156;7;87.0
755;250;2;102.31
756;297;1;74.8
757;261;7;17.35
758;443;2;67.62
759;372;8;40.73
760;318;7;69.69
761;417;1;14.45
762;217;4;18.01
763;488;10;66.58
764;253;7;90.38
765;360;5;18.01
766;415;8;30.36
767;108;3;32.66
768;109;7;65.98
769;316;5;46.89
770;281;9;67.72
771;108;6;35.61
772;161;5;62.54
773;101;7;39.29
774;177;3;38.86
775;32;8;81.61
776;300;1;107.91
777;396;2;21.44
778;122;6;23.04
779;497;6;101.29
780;84;1;29.9
781;440;1;31.18
782;96;7;19.58
783;25;1;28.37
784;247;8;29.84
785;49;2;16.32
786;359;3;10.85
787;338;4;48.95
788;442;10;48.69
789;146;5;53.43
790;251;5;74.18
791;481;5;23.13
792;73;1;16.46
793;174;6;72.73
794;411;3;81.41
795;423;6;54.22
796;306;3;44.09
797;384;9;7.65
798;105;9;23.39
799;453;6;74.07
800;392;2;55.15
801;340;7;77.91
802;289;1;66.75
803;375;2;84.29
804;317;2;35.99
805;325;3;92.55
806;3;1;65.18
807;338;8;59.09
808;474;9;35.85
809;382;10;68.3
810;222;2;97.48
811;31;9;71.42
812;323;8;79.29
813;37;2;32.04
814;301;9;94.56
815;174;9;88.94
816;179;1;81.06
817;292;6;66.18
818;356;10;27.75
819;80;4;65.97
820;374;10;76.53
821;207;9;17.37
822;377;2;30.73
823;302;7;104.22
824;273;7;49.36
825;375;3;62.16
826;430;10;28.23
827;64;3;73.16
828;347;1;101.87
829;378;4;27.44
830;276;8;55.43
831;314;7;40.82
832;92;3;71.36
833;197;9;97.99
834;114;6;16.47
835;372;9;43.83
836;339;1;63.22
837;369;6;27.96
838;352;4;66.18
839;142;4;63.45
840;378;3;38.88
841;275;10;51.43
842;32;9;66.89
843;275;9;48.67
844;292;10;69.8
845;133;1;31.79
846;82;10;107.08
847;384;4;6.71
848;333;3;8.35
849;296;3;11.78
850;250;1;78.66
851;37;4;25.84
852;149;1;63.62
853;147;10;47.33
854;358;10;16.04
855;423;1;49.18
856;457;9;55.13
857;460;8;27.2
858;495;9;79.39
859;460;3;37.12
860;134;10;57.8
861;234;1;58.85
862;376;9;57.33
863;85;2;36.8
864;60;7;85.72
865;39;2;37.68
866;367;6;103.14
867;172;2;16.04
868;198;9;22.17
869;310;8;79.77
870;161;5;55.9
871;60;5;59.58
872;438;10;40.95
873;346;7;67.08
874;213;4;25.29
875;470;3;20.84
876;431;8;84.44
877;158;6;10.4
878;381;1;7.76
879;108;1;39.82
880;141;1;60.49
881;337;1;47.09
882;428;10;39.63
883;134;2;63.71
884;177;4;32.6
885;75;6;38.33
886;193;4;37.86
887;269;8;55.97
888;154;1;11.6
889;380;1;67.66
890;100;4;49.24
891;234;10;64.76
892;428;6;36.09
893;411;2;72.77
894;220;3;78.09
895;113;4;29.39
896;203;1;23.56
897;432;4;29.56
898;214;6;87.99
899;433;7;31.4
900;212;6;25.06
901;155;5;66.71
902;404;2;43.75
903;406;5;88.56
904;209;7;55.96
905;211;4;24.95
906;335;2;68.98
907;187;10;13.93
908;464;3;57.41
909;440;8;31.6
910;290;5;87.02
911;487;1;51.18
912;471;9;49.66
913;114;10;14.03
914;368;3;60.06
915;420;4;44.19
916;432;4;20.91
917;51;7;63.18
918;290;7;108.42
919;207;10;14.07
920;462;9;36.94
921;435;10;80.3
922;263;10;56.76
923;336;7;88.63
924;204;7;10.12
925;408;8;46.42
926;28;2;99.91
927;439;4;76.42
928;479;4;12.73
929;21;6;63.04
930;182;9;106.29
931;385;9;66.76
932;27;7;31.84
933;90;4;62.95
934;378;2;26.83
935;408;2;49.88
936;115;9;61.14
937;157;1;15.45
938;401;7;94.89
939;436;9;26.98
940;292;9;61.28
941;13;3;43.36
942;241;4;22.94
943;381;10;9.31
944;47;1;84.8
945;59;8;70.77
946;64;9;64.99
947;65;7;30.84
948;388;1;24.26
949;45;4;53.46
950;388;4;23.31
951;291;5;18.81
952;7;6;78.65
953;349;2;49.22
954;175;9;70.34
955;393;9;24.81
956;198;5;22.81
957;82;8;115.34
958;179;3;94.86
959;363;8;88.58
960;171;9;27.02
961;423;4;58.05
962;128;10;48.29
963;490;2;104.5
964;275;6;65.81
965;487;1;50.14
966;231;9;13.86
967;227;4;31.94
968;149;4;56.54
969;407;3;11.05
970;367;5;87.5
971;41;10;48.58
972;124;7;49.26
973;374;3;86.37
974;241;6;21.7
975;327;2;99.55
976;75;2;31.9
977;408;7;47.69
978;484;3;62.3
979;426;3;79.27
980;20;4;101.78
981;193;10;46.57
982;379;7;71.73
983;105;7;26.47
984;307;9;83.48
985;41;5;56.46
986;354;7;86.08
987;342;8;73.03
988;313;10;45.93
989;234;9;63.71
990;93;5;18.43
991;455;2;68.45
992;67;6;60.01
993;401;3;94.08
994;402;1;67.18
995;459;4;62.38
996;323;4;71.03
997;223;3;57.91
998;36;10;32.28
999;489;9;75.03
1000;339;10;56.19
1001;264;8;83.82
1002;313;1;41.31
1003;211;4;24.4
1004;310;5;76.03
1005;221;7;64.29
1006;29;7;61.17
1007;455;8;64.47
1008;444;9;62.39
1009;499;7;33.07
1010;474;7;30.54
1011;167;9;33.21
1012;192;7;82.9
1013;73;4;16.04
1014;360;3;18.51
1015;285;3;61.46
1016;492;2;20.16
1017;163;5;74.79
1018;159;1;16.14
1019;335;8;76.94
1020;385;9;49.83
1021;341;3;14.62
1022;232;6;63.29
1023;310;7;56.43
1024;352;4;78.13
1025;384;8;7.3
1026;135;4;27.78
1027;328;8;15.08
1028;263;7;40.44
1029;324;4;56.34
1030;410;4;85.95
1031;229;5;26.81
1032;475;3;11.45
1033;235;10;96.59
1034;325;10;101.73
1035;422;1;71.99
1036;340;4;95.06
1037;428;5;50.76
1038;24;5;41.46
1039;34;9;55.81
1040;464;4;77.45
1041;191;8;85.85
1042;254;3;84.11
1043;496;7;84.2
1044;374;10;80.86
1045;447;5;17.59
1046;340;1;79.73
1047;317;3;29.28
1048;284;8;76.39
1049;447;4;16.74
1050;112;5;40.48
1051;105;8;20.74
1052;263;6;49.08
1053;331;8;58.61
1054;178;3;18.31
1055;177;5;30.84
1056;96;9;17.46
1057;385;1;67.96
1058;416;8;47.67
1059;486;9;100.48
1060;61;4;46.03
1061;39;2;47.17
1062;74;4;37.66
1063;14;1;18.38
1064;209;8;54.77
1065;145;5;33.85
1066;49;1;15.95
1067;80;8;65.68
1068;49;4;19.54
1069;118;7;75.08
1070;229;8;22.92
1071;34;1;52.38
1072;295;2;92.85
1073;195;8;10.42
1074;107;2;20.0
1075;101;8;42.25
1076;334;5;88.53
1077;410;8;109.86
1078;3;5;50.35
1079;177;6;35.96
1080;67;2;47.27
1081;271;7;35.84
1082;340;8;79.55
1083;463;10;87.83
1084;448;6;73.76
1085;226;6;29.23
1086;258;6;24.29
1087;366;4;22.24
1088;499;3;31.03
1089;250;8;96.41
1090;413;4;107.67
1091;399;4;111.68
1092;387;5;85.95
1093;406;2;72.93
1094;468;7;119.51
1095;288;3;33.34
1096;84;8;33.35
1097;472;6;8.76
1098;261;4;19.82
1099;458;2;73.91
1100;362;6;23.65
1101;301;10;73.29
1102;296;5;9.44
1103;51;2;69.35
1104;250;2;108.22
1105;473;10;43.67
1106;37;4;33.13
1107;309;10;47.81
1108;388;2;17.8
1109;143;10;8.76
1110;76;2;55.7
1111;449;10;57.17
1112;287;6;26.45
1113;438;3;38.05
1114;445;8;39.7
1115;215;8;57.79
1116;360;7;14.15
1117;156;10;94.29
1118;137;1;51.19
1119;309;9;52.3
1120;471;4;51.51
1121;157;7;15.36
1122;341;4;18.88
1123;161;5;63.47
1124;135;1;26.28
1125;152;1;57.36
1126;332;10;9.34
1127;336;3;73.37
1128;323;10;66.74
1129;5;10;88.16
1130;469;1;90.23
1131;217;4;21.14
1132;397;4;81.45
1133;121;7;17.81
1134;285;6;59.55
1135;161;6;64.75
1136;34;2;74.8
1137;77;10;60.79
1138;435;3;85.62
1139;325;2;105.23
1140;127;2;51.16
1141;10;9;55.74
1142;496;7;103.19
1143;294;1;73.5
1144;143;8;10.51
1145;207;7;17.09
1146;188;8;47.19
1147;21;9;74.65
1148;164;7;14.68
1149;342;3;53.52
1150;42;7;9.12
1151;237;9;7.42
1152;429;8;43.76
1153;297;10;88.69
1154;430;4;26.1
1155;204;6;10.1
1156;492;5;26.55
1157;113;1;29.82
1158;306;5;46.74
1159;36;3;27.65
1160;89;3;9.04
1161;57;5;75.8
1162;158;6;10.09
1163;247;5;22.81
1164;429;10;42.31
1165;201;9;31.91
1166;12;2;90.56
1167;248;6;32.7
1168;340;5;97.22
1169;395;8;30.64
1170;73;1;14.12
1171;274;10;36.2
1172;443;2;77.05
1173;478;5;55.55
1174;68;10;11.18
1175;438;7;44.02
1176;436;1;32.45
1177;417;9;16.84
1178;95;4;63.2
1179;201;3;31.53
1180;192;10;74.82
1181;420;7;49.34
1182;493;5;34.24
1183;81;6;74.88
1184;78;6;21.8
1185;20;8;104.8
1186;302;1;80.29
1187;10;5;56.22
1188;262;5;101.52
1189;116;3;30.57
1190;26;10;7.88
1191;6;5;78.2
1192;355;5;71.63
1193;92;4;69.05
1194;173;5;91.59
1195;260;4;38.38
1196;67;1;53.79
1197;394;10;38.75
1198;195;5;12.33
1199;28;9;95.64
1200;165;1;58.09
1201;351;5;30.02
1202;274;7;30.29
1203;52;7;67.11
1204;191;6;62.97
1205;137;2;55.5
1206;328;2;12.7
1207;23;4;36.18
1208;40;10;64.15
1209;422;10;99.31
1210;128;8;59.36
1211;94;2;51.77
1212;494;3;75.48
1213;19;8;25.9
1214;451;9;69.06
1215;190;6;48.14
1216;474;1;30.27
1217;301;2;81.71
1218;281;7;74.25
1219;381;5;8.19
1220;151;2;46.31
1221;31;10;64.49
1222;271;10;34.51
1223;275;4;52.79
1224;363;9;85.51
1225;397;3;75.81
1226;134;7;63.46
1227;245;4;52.85
1228;11;9;40.91
1229;323;9;67.63
1230;392;4;43.29
1231;51;8;66.78
1232;490;1;96.52
1233;476;9;11.71
1234;290;3;93.88
1235;28;3;79.99
1236;140;9;81.18
1237;348;2;59.27
1238;320;9;104.81
1239;249;5;80.95
1240;474;10;26.56
1241;403;5;18.31
1242;166;1;76.3
1243;414;1;39.42
1244;474;4;28.16
1245;378;9;33.91
1246;113;6;23.66
1247;154;7;8.94
1248;359;7;9.55
1249;30;2;58.82
1250;40;4;58.65
1251;442;2;49.74
1252;155;1;56.98
1253;69;2;57.53
1254;85;4;45.84
1255;250;10;89.8
1256;62;7;101.61
1257;295;2;94.11
1258;27;4;43.86
1259;412;8;37.4
1260;287;5;28.29
1261;444;8;52.81
1262;8;9;9.62
1263;136;6;79.3
1264;334;2;105.09
1265;338;5;54.86
1266;13;5;41.62
1267;366;4;25.16
1268;126;8;17.19
1269;243;10;72.74
1270;364;7;64.75
1271;118;5;79.56
1272;499;8;29.35
1273;20;4;86.23
1274;235;7;81.2
1275;416;1;43.32
1276;292;9;59.15
1277;94;4;40.73
1278;494;6;69.53
1279;71;2;31.62
1280;27;6;30.96
1281;336;9;69.12
1282;312;2;108.0
1283;367;6;109.12
1284;282;2;63.06
1285;218;10;36.07
1286;495;1;92.27
1287;73;4;13.41
1288;13;3;43.19
1289;164;9;16.05
1290;473;9;39.49
1291;86;1;89.29
1292;445;4;41.04
1293;253;10;75.16
1294;430;1;31.62
1295;218;2;40.87
1296;172;8;18.62
1297;16;3;72.32
1298;472;10;10.32
1299;252;5;72.07
1300;257;5;47.2
1301;237;4;9.17
1302;247;7;26.14
1303;388;9;21.56
1304;262;2;100.16
1305;435;9;88.29
1306;5;4;78.84
1307;393;5;26.06
1308;208;5;6.65
1309;311;10;58.68
1310;115;4;68.33
1311;73;3;16.58
1312;98;6;56.63
1313;416;4;33.31
1314;376;9;54.29
1315;92;3;75.38
1316;487;1;41.97
1317;217;2;16.64
1318;448;8;86.9
1319;339;2;61.38
1320;187;7;12.34
1321;260;8;31.34
1322;337;2;51.02
1323;34;8;64.52
1324;170;7;62.76
1325;97;4;24.9
1326;9;9;53.83
1327;408;2;64.83
1328;468;10;116.24
1329;380;4;77.74
1330;61;10;46.96
1331;110;8;55.65
1332;382;7;68.17
1333;289;1;67.23
1334;343;3;82.77
1335;62;6;79.38
1336;393;10;23.55
1337;172;4;14.81
1338;467;5;75.52
1339;374;7;61.53
1340;15;7;78.11
1341;49;9;17.16
1342;120;6;58.54
1343;453;3;57.54
1344;162;6;14.53
1345;133;6;35.68
1346;460;5;33.36
1347;18;10;59.04
1348;280;7;37.39
1349;345;2;72.23
1350;405;3;89.37
1351;381;9;7.28
1352;216;10;94.28
1353;171;10;19.68
1354;308;4;55.73
1355;39;1;38.09
1356;484;4;71.08
1357;284;2;71.38
1358;136;8;81.35
1359;167;8;38.41
1360;29;6;57.17
1361;381;3;9.17
1362;487;6;47.5
1363;37;1;31.44
1364;46;1;41.26
1365;282;8;61.82
1366;146;3;46.11
1367;201;8;34.03
1368;38;10;20.94
1369;270;8;57.68
1370;134;8;64.66
1371;80;6;97.16
1372;10;6;49.9
1373;283;3;37.56
1374;162;8;13.38
1375;397;4;87.36
1376;380;2;83.55
1377;51;10;73.17
1378;141;5;63.27
1379;353;4;82.17
1380;44;5;81.13
1381;377;2;34.0
1382;434;3;98.73
1383;123;2;59.28
1384;469;6;85.99
1385;175;7;79.58
1386;382;2;64.74
1387;403;1;23.33
1388;57;2;98.15
1389;261;2;20.49
1390;345;1;84.92
1391;422;6;88.2
1392;52;10;83.79
1393;148;4;78.94
1394;437;10;71.2
1395;389;5;61.38
1396;22;7;68.76
1397;373;10;7.61
1398;355;10;68.39
1399;218;7;47.37
1400;428;8;51.33
1401;114;8;16.15
1402;226;2;26.98
1403;89;2;10.73
1404;373;5;8.57
1405;259;3;58.24
1406;223;6;65.01
1407;36;2;32.12
1408;419;2;114.59
1409;2;2;96.55
1410;335;4;56.39
1411;446;7;7.69
1412;206;8;21.6
1413;433;9;36.14
1414;82;2;80.58
1415;211;10;29.03
1416;212;5;22.32
1417;324;1;78.65
1418;60;1;62.51
1419;431;6;83.49
1420;269;5;44.69
1421;476;6;11.72
1422;11;4;51.51
1423;9;10;58.41
1424;352;3;74.9
1425;428;4;45.67
1426;27;5;34.91
1427;100;2;43.61
1428;268;5;43.87
1429;370;3;83.69
1430;1;8;65.16
1431;328;10;11.66
1432;197;1;83.54
1433;261;3;16.85
1434;436;8;31.35
1435;344;3;79.46
1436;276;7;79.92
1437;429;4;55.1
1438;200;6;63.54
1439;315;3;40.68
1440;392;7;46.87
1441;479;4;12.58
1442;287;6;28.08
1443;465;3;8.04
1444;117;2;84.41
1445;355;8;75.08
1446;278;9;81.22
1447;13;3;37.5
1448;437;10;98.58
1449;35;8;20.57
1450;95;8;71.94
1451;107;6;22.23
1452;273;4;51.95
1453;394;5;31.7
1454;145;9;31.89
1455;261;9;19.49
1456;441;2;93.17
1457;403;2;17.66
1458;97;4;21.74
1459;370;3;71.22
1460;179;2;93.0
1461;164;10;17.66
1462;174;5;85.24
1463;157;7;16.81
1464;300;7;95.62
1465;236;9;36.89
1466;328;9;13.6
1467;75;3;42.58
1468;338;2;53.9
1469;71;5;32.93
1470;211;3;26.99
1471;194;3;107.69
1472;407;3;11.76
1473;452;3;68.18
1474;452;9;80.97
1475;494;6;68.01
1476;211;8;33.82
1477;483;8;36.78
1478;355;1;76.23
1479;44;5;75.43
1480;155;7;58.33
1481;79;3;51.91
1482;275;4;57.7
1483;76;9;79.03
1484;398;7;72.61
1485;403;2;19.1
1486;322;7;71.94
1487;161;6;62.61
1488;255;3;52.76
1489;64;8;70.63
1490;96;6;20.01
1491;166;6;67.54
1492;421;3;15.36
1493;370;6;76.24
1494;300;8;105.66
1495;206;6;26.08
1496;353;4;84.03
1497;70;4;18.45
1498;374;7;86.1
1499;366;2;29.2
1500;199;10;75.86
1501;150;7;38.32
1502;105;1;24.31
1503;241;3;23.0
1504;23;2;30.3
1505;180;7;104.21
1506;318;3;73.54
1507;187;1;15.54
1508;120;6;46.25
1509;383;9;46.72
1510;488;6;61.89
1511;318;6;80.36
1512;2;5;101.0
1513;182;4;98.57
1514;110;1;57.28
1515;424;1;11.09
1516;476;1;10.25
1517;481;6;17.67
1518;4;2;56.8
1519;320;8;101.78
1520;342;2;57.72
1521;24;8;34.96
1522;37;10;27.97
1523;451;9;77.08
1524;153;3;46.71
1525;176;9;6.59
1526;341;2;18.76
1527;73;10;14.68
1528;124;5;37.91
1529;300;4;97.37
1530;472;4;9.76
1531;217;1;21.37
1532;49;5;20.44
1533;36;1;28.58
1534;74;10;49.26
1535;107;8;21.83
1536;479;7;9.78
1537;332;8;10.69
1538;175;8;93.62
1539;248;8;26.65
1540;19;7;27.85
1541;46;2;49.72
1542;379;6;71.39
1543;173;9;71.87
1544;177;2;37.27
1545;306;9;46.01
1546;163;2;73.97
1547;92;3;58.77
1548;481;3;21.12
1549;199;8;75.73
1550;233;7;82.08
1551;93;4;18.25
1552;55;10;76.34
1553;69;5;61.99
1554;415;5;32.14
1555;385;4;50.98
1556;25;8;28.67
1557;29;10;46.91
1558;286;10;10.37
1559;90;5;60.16
1560;128;8;40.18
1561;160;5;13.69
1562;66;9;83.02
1563;282;4;69.92
1564;264;10;118.41
1565;298;1;64.55
1566;46;7;42.89
1567;34;1;65.49
1568;407;2;11.37
1569;480;1;56.49
1570;92;7;66.44
1571;464;2;68.61
1572;416;8;36.35
1573;193;5;51.9
1574;322;8;82.46
1575;251;5;73.32
1576;242;6;13.6
1577;402;3;86.02
1578;220;8;79.41
1579;174;7;86.41
1580;110;2;59.9
1581;404;9;44.48
1582;23;1;40.24
1583;402;6;73.47
1584;163;4;71.05
1585;493;5;28.16
1586;201;9;25.16
1587;350;9;26.84
1588;143;9;8.9
1589;5;2;76.6
1590;408;6;53.86
1591;63;4;58.01
1592;8;9;9.7
1593;321;4;101.21
1594;425;9;76.68
1595;398;9;63.86
1596;126;1;16.98
1597;347;2;93.42
1598;192;4;81.63
1599;423;7;55.84
1600;155;1;45.92
1601;236;6;42.54
1602;339;6;48.37
1603;374;5;79.67
1604;317;5;25.14
1605;140;5;75.5
1606;466;7;97.94
1607;51;8;67.83
1608;207;4;15.36
1609;39;7;50.38
1610;225;8;84.42
1611;35;8;20.54
1612;19;9;29.59
1613;428;5;39.55
1614;390;5;105.99
1615;456;1;54.81
1616;376;4;40.02
1617;297;7;82.5
1618;204;2;10.11
1619;305;9;36.92
1620;6;1;57.59
1621;496;7;71.09
1622;488;2;62.33
1623;471;1;41.85
1624;369;2;26.26
1625;390;10;78.43
1626;69;4;60.59
1627;338;8;53.79
1628;450;7;16.9
1629;277;5;93.2
1630;215;3;68.26
1631;72;5;65.16
1632;100;8;38.02
1633;389;9;62.11
1634;285;7;49.52
1635;439;9;59.2
1636;237;3;9.29
1637;95;4;71.14
1638;47;9;95.04
1639;323;4;78.38
1640;211;2;31.4
1641;57;4;75.1
1642;267;1;9.14
1643;462;7;33.15
1644;485;3;16.13
1645;255;6;48.64
1646;192;2;60.22
1647;409;10;10.12
1648;216;10;108.16
1649;163;7;97.47
1650;274;3;29.47
1651;491;7;18.25
1652;35;5;19.8
1653;390;8;93.3
1654;69;7;54.08
1655;317;6;26.29
1656;194;6;96.21
1657;34;8;75.68
1658;145;5;36.6
1659;116;2;31.44
1660;20;5;82.59
1661;23;8;31.03
1662;105;1;26.18
1663;151;7;43.38
1664;102;1;102.19
1665;65;10;42.37
1666;81;8;69.56
1667;464;7;67.75
1668;251;8;73.43
1669;260;8;39.9
1670;358;7;16.28
1671;460;7;25.63
1672;200;5;64.72
1673;301;2;80.39
1674;14;8;17.25
1675;436;7;24.89
1676;427;6;19.93
1677;182;1;83.07
1678;485;9;16.67
1679;498;4;30.81
1680;45;4;51.25
1681;15;1;58.31
1682;104;7;44.11
1683;235;4;106.2
1684;23;9;38.75
1685;366;6;27.56
1686;280;6;39.82
1687;119;3;47.58
1688;180;1;82.83
1689;186;3;32.33
1690;104;4;42.23
1691;81;6;95.66
1692;495;6;93.96
1693;23;10;36.91
1694;291;9;18.07
1695;98;3;47.78
1696;277;1;97.47
1697;153;10;49.63
1698;60;6;77.7
1699;61;7;42.24
1700;499;1;29.22
1701;428;5;44.22
1702;216;1;114.63
1703;204;9;10.51
1704;277;6;74.53
1705;436;1;29.23
1706;31;8;53.4
1707;153;9;53.93
1708;289;4;69.65
1709;218;10;46.36
1710;254;4;80.52
1711;263;10;43.72
1712;214;2;100.79
1713;250;3;85.6
1714;50;4;108.13
1715;123;10;77.21
1716;87;5;55.39
1717;107;9;18.43
1718;487;6;46.76
1719;366;7;26.88
1720;116;7;27.71
1721;383;2;55.93
1722;445;3;45.31
1723;165;5;45.66
1724;142;1;80.34
1725;243;9;69.16
1726;35;6;24.9
1727;445;1;50.74
1728;349;2;52.77
1729;53;9;119.43
1730;213;9;20.16
1731;307;2;87.81
1732;369;9;33.91
1733;406;7;85.37
1734;387;6;77.17
1735;141;6;81.95
1736;430;5;32.8
1737;200;4;78.27
1738;127;6;47.48
1739;169;3;56.31
1740;413;1;90.23
1741;362;10;22.36
1742;487;9;39.86
1743;495;2;69.54
1744;303;6;57.62
1745;323;5;54.77
1746;58;3;61.65
1747;28;7;80.23
1748;191;10;84.93
1749;263;2;47.47
1750;441;3;104.62
1751;83;3;6.48
1752;304;4;50.82
1753;272;3;63.13
1754;72;4;82.85
1755;54;3;23.68
1756;423;10;60.75
1757;353;10;102.59
1758;363;4;77.59
1759;295;4;102.91
1760;211;9;32.64
1761;166;10;75.28
1762;237;6;9.42
1763;253;9;76.92
1764;281;9;87.33
1765;494;4;69.38
1766;6;2;61.86
1767;232;4;46.8
1768;235;3;109.36
1769;211;9;32.55
1770;365;3;44.11
1771;122;3;23.1
1772;187;1;14.8
1773;489;5;92.2
1774;255;2;56.92
1775;340;10;72.42
1776;51;10;89.38
1777;451;8;68.92
1778;277;4;101.37
1779;158;4;13.88
1780;320;7;80.05
1781;425;4;92.71
1782;369;7;30.61
1783;499;5;26.9
1784;27;7;38.13
1785;19;8;31.36
1786;210;6;83.82
1787;165;2;57.43
1788;177;7;30.11
1789;167;3;47.0
1790;348;10;68.66
1791;472;4;7.71
1792;365;7;46.4
1793;33;8;50.47
1794;452;5;56.74
1795;124;4;48.22
1796;464;1;58.42
1797;323;10;55.77
1798;63;6;61.34
1799;474;2;25.36
1800;484;4;52.8
1801;454;7;19.28
1802;404;9;59.73
1803;499;3;29.4
1804;443;1;57.31
1805;130;7;80.18
1806;118;9;66.4
1807;169;10;54.97
1808;361;10;25.6
1809;203;3;21.45
1810;449;5;45.78
1811;451;5;73.25
1812;293;10;55.47
1813;121;1;18.31
1814;341;2;18.37
1815;500;8;43.71
1816;490;5;95.83
1817;244;5;7.45
1818;272;9;79.99
1819;367;8;113.88
1820;301;7;94.35
1821;215;5;74.22
1822;210;1;99.17
1823;418;3;62.37
1824;321;5;72.03
1825;59;2;71.22
1826;416;5;37.32
1827;398;4;70.97
1828;176;8;7.65
1829;468;1;111.88
1830;105;7;23.87
1831;412;10;34.99
1832;301;10;81.33
1833;244;6;7.63
1834;500;3;40.59
1835;493;2;35.99
1836;236;4;34.93
1837;16;7;60.66
1838;14;9;21.23
1839;469;2;79.62
1840;388;1;19.93
1841;220;6;77.75
1842;287;9;28.12
1843;12;9;108.06
1844;443;3;69.6
1845;209;7;62.01
1846;410;5;115.63
1847;145;2;32.92
1848;342;2;60.41
1849;350;1;25.19
1850;20;1;91.74
1851;472;8;10.32
1852;270;8;57.39
1853;29;7;46.8
1854;150;9;33.4
1855;202;2;7.12
1856;377;5;34.08
1857;289;9;60.28
1858;189;2;91.98
1859;169;9;60.62
1860;372;6;37.36
1861;445;5;42.64
1862;395;2;32.24
1863;76;10;70.38
1864;358;10;21.23
1865;485;7;15.8
1866;339;3;63.38
1867;373;2;7.94
1868;306;2;39.86
1869;295;4;105.29
1870;5;5;70.06
1871;161;9;59.96
1872;200;7;79.28
1873;352;8;95.24
1874;425;6;92.76
1875;287;7;27.6
1876;291;10;14.92
1877;71;3;28.57
1878;249;7;81.89
1879;329;5;12.1
1880;368;9;82.24
1881;199;6;90.68
1882;281;2;82.23
1883;453;1;60.84
1884;256;8;54.56
1885;139;1;50.25
1886;296;4;10.4
1887;110;8;75.47
1888;292;9;68.38
1889;117;8;110.77
1890;216;9;81.0
1891;308;10;49.08
1892;382;5;82.51
1893;38;4;23.41
1894;466;9;105.74
1895;466;7;88.05
1896;84;3;31.0
1897;292;2;57.68
1898;256;10;59.1
1899;266;5;88.24
1900;115;8;89.33
1901;333;6;7.88
1902;413;6;97.44
1903;284;6;92.53
1904;279;6;80.92
1905;187;10;18.05
1906;37;4;30.89
1907;255;10;50.62
1908;155;7;53.33
1909;391;4;16.67
1910;290;6;110.63
1911;406;7;89.45
1912;424;9;11.88
1913;396;9;31.33
1914;52;4;84.77
1915;196;4;18.12
1916;237;6;9.89
1917;331;2;51.74
1918;460;2;33.89
1919;442;10;39.07
1920;386;10;40.33
1921;306;7;42.02
1922;132;1;10.91
1923;171;7;25.97
1924;411;2;83.59
1925;454;6;17.7
1926;398;6;65.04
1927;219;2;60.4
1928;426;8;98.4
1929;427;5;25.93
1930;479;3;12.57
1931;369;10;30.37
1932;426;3;89.21
1933;155;6;55.68
1934;168;5;25.19
1935;484;3;57.54
1936;81;10;89.06
1937;117;1;85.41
1938;380;9;86.77
1939;430;5;31.68
1940;486;6;88.19
1941;164;9;17.8
1942;424;4;10.51
1943;452;3;68.47
1944;300;3;90.0
1945;22;2;61.2
1946;22;6;62.31
1947;468;6;85.64
1948;227;4;33.88
1949;385;8;60.9
1950;114;6;16.43
1951;22;6;72.09
1952;238;10;44.07
1953;306;9;35.88
1954;436;10;32.08
1955;27;9;45.01
1956;415;4;37.91
1957;206;1;25.67
1958;252;6;74.21
1959;160;10;19.97
1960;215;1;69.15
1961;320;3;95.88
1962;179;4;69.99
1963;178;1;20.42
1964;323;9;61.79
1965;404;10;49.58
1966;482;6;54.21
1967;112;7;40.54
1968;185;10;92.45
1969;403;5;22.45
1970;54;10;24.8
1971;490;3;73.11
1972;430;5;24.9
1973;485;9;13.58
1974;304;5;35.12
1975;332;10;10.27
1976;216;7;83.04
1977;43;4;51.99
1978;200;9;83.35
1979;62;9;96.82
1980;348;8;57.76
1981;5;8;72.36
1982;227;4;30.48
1983;410;10;99.47
1984;97;10;26.38
1985;30;8;47.2
1986;270;10;64.72
1987;373;9;8.01
1988;481;10;20.31
1989;3;6;61.01
1990;67;2;59.77
1991;327;4;84.06
1992;29;2;49.84
1993;162;10;11.77
1994;148;9;57.43
1995;126;7;13.93
1996;117;5;102.58
1997;373;4;9.17
1998;134;6;63.54
1999;160;4;16.88
2000;105;10;24.83
2001;215;7;73.04
2002;274;8;33.21
2003;290;8;93.82
2004;79;8;51.58
2005;110;1;62.43
2006;93;4;22.35
2007;186;7;30.77
2008;354;10;67.25
2009;146;5;54.6
2010;105;10;25.24
2011;2;10;98.18
2012;153;3;54.18
2013;354;3;70.01
2014;249;5;98.5
2015;182;1;105.7
2016;78;10;17.93
2017;482;3;59.64
2018;83;3;5.27
2019;429;8;47.07
2020;242;4;13.79
2021;311;6;57.92
2022;16;6;65.81
2023;215;9;73.69
2024;242;5;13.12
2025;319;7;7.98
2026;352;9;69.09
2027;28;4;77.47
2028;274;2;27.0
2029;61;8;52.69
2030;137;10;52.21
2031;189;7;75.45
2032;404;2;50.43
2033;455;8;78.3
2034;245;9;50.72
2035;92;4;59.37
2036;98;8;41.57
2037;382;8;71.37
2038;188;9;43.11
2039;355;6;78.21
2040;491;3;26.2
2041;98;4;49.26
2042;114;4;19.71
2043;449;4;51.56
2044;41;2;71.08
2045;139;3;52.27
2046;297;1;69.36
2047;54;4;21.49
2048;40;9;69.46
2049;14;6;20.24
2050;12;1;85.36
2051;385;10;60.05
2052;270;8;72.92
2053;318;2;66.36
2054;371;6;59.73
2055;476;2;12.01
2056;320;1;71.96
2057;351;5;25.35
2058;411;9;67.01
2059;325;10;89.29
2060;462;7;40.13
2061;79;8;68.0
2062;241;2;20.34
2063;209;5;49.86
2064;499;9;35.93
2065;318;10;84.16
2066;138;2;24.46
2067;156;6;103.79
2068;450;8;17.5
2069;87;8;60.13
2070;208;8;6.55
2071;162;10;12.18
2072;430;8;34.67
2073;148;6;57.99
2074;421;8;16.65
2075;66;8;87.86
2076;262;6;109.27
2077;410;5;99.57
2078;3;4;51.56
2079;16;8;81.49
2080;331;2;49.7
2081;441;4;83.99
2082;205;3;33.62
2083;98;4;55.28
2084;199;4;86.85
2085;410;1;103.32
2086;176;1;7.12
2087;7;7;101.61
2088;56;7;22.38
2089;277;7;83.58
2090;204;2;9.69
2091;438;9;44.66
2092;351;8;25.23
2093;174;10;75.31
2094;181;9;81.4
2095;398;5;61.42
2096;251;9;65.18
2097;23;10;40.05
2098;228;5;97.29
2099;414;2;41.42
2100;149;3;63.7
2101;298;4;56.92
2102;396;10;23.04
2103;411;10;87.33
2104;211;4;26.28
2105;389;6;51.52
2106;65;8;43.41
2107;416;5;35.11
2108;78;4;20.84
2109;488;6;49.45
2110;92;10;82.08
2111;71;9;36.38
2112;499;1;31.71
2113;331;6;62.72
2114;173;4;77.77
2115;482;10;58.83
2116;83;10;5.43
2117;253;4;77.37
2118;205;7;46.89
2119;169;7;57.69
2120;69;9;58.79
2121;180;8;104.53
2122;319;9;9.81
2123;297;7;75.45
2124;183;3;11.27
2125;171;2;20.75
2126;445;9;55.65
2127;301;2;73.61
2128;331;3;57.24
2129;417;7;17.63
2130;257;9;42.97
2131;77;4;57.2
2132;120;1;60.94
2133;296;8;10.37
2134;426;2;90.84
2135;437;8;71.97
2136;183;7;9.23
2137;432;8;26.17
2138;248;8;32.22
2139;12;5;77.98
2140;168;8;28.76
2141;207;7;12.41
2142;382;6;72.68
2143;379;3;62.14
2144;457;8;60.44
2145;27;7;36.32
2146;9;2;45.18
2147;417;7;17.65
2148;416;9;37.82
2149;285;7;57.45
2150;45;5;69.97
2151;465;4;8.52
2152;187;5;13.96
2153;162;6;12.53
2154;377;7;36.07
2155;66;2;88.54
2156;231;2;18.11
2157;330;10;22.39
2158;365;8;50.18
2159;433;9;32.12
2160;8;10;12.47
2161;13;4;42.61
2162;387;9;96.62
2163;400;7;41.86
2164;142;3;74.85
2165;52;8;86.56
2166;204;1;10.52
2167;65;10;37.12
2168;257;9;41.75
2169;27;6;30.67
2170;218;4;40.25
2171;174;10;103.36
2172;186;5;27.52
2173;237;2;9.95
2174;286;9;7.89
2175;273;2;52.96
2176;232;5;52.61
2177;436;3;27.95
2178;142;5;70.0
2179;481;3;24.56
2180;1;1;52.41
2181;336;4;96.37
2182;101;5;39.11
2183;153;1;48.84
2184;278;5;95.29
2185;221;6;58.38
2186;242;7;12.77
2187;317;4;32.46
2188;14;3;15.97
2189;247;9;29.93
2190;133;3;32.63
2191;228;3;82.39
2192;436;4;25.34
2193;141;10;75.84
2194;296;9;13.59
2195;197;3;101.85
2196;342;3;58.41
2197;241;5;23.11
2198;293;7;59.57
2199;332;9;9.84
2200;252;10;61.93
2201;367;3;89.39
2202;173;7;82.23
2203;110;4;54.48
2204;457;1;54.29
2205;185;1;87.16
2206;475;2;10.22
2207;278;10;102.85
2208;487;5;52.28
2209;263;2;56.34
2210;250;7;106.92
2211;465;7;8.41
2212;241;10;22.89
2213;140;2;72.36
2214;156;3;75.94
2215;177;4;39.55
2216;410;2;110.8
2217;380;8;68.38
2218;308;10;66.51
2219;290;3;82.49
2220;313;10;39.87
2221;428;4;51.69
2222;167;4;34.83
2223;398;10;63.53
2224;116;3;23.79
2225;348;6;55.99
2226;493;5;32.05
2227;471;8;52.2
2228;399;4;108.28
2229;392;7;56.61
2230;220;8;90.19
2231;427;8;26.38
2232;175;2;76.07
2233;14;5;16.14
2234;262;2;83.73
2235;147;9;68.25
2236;192;6;65.28
2237;135;4;28.41
2238;82;4;88.88
2239;352;8;85.41
2240;376;6;40.01
2241;445;10;43.76
2242;261;5;18.67
2243;151;8;51.91
2244;323;7;65.16
2245;151;10;54.9
2246;265;6;36.55
2247;477;8;45.07
2248;115;1;66.45
2249;424;4;13.51
2250;272;8;72.7
2251;131;3;55.45
2252;214;1;100.26
2253;192;3;83.61
2254;133;4;25.8
2255;434;4;91.03
2256;141;6;65.65
2257;489;6;69.37
2258;432;7;23.5
2259;302;4;104.43
2260;90;4;61.82
2261;198;3;21.06
2262;150;7;37.0
2263;290;2;76.88
2264;331;3;54.95
2265;300;8;84.36
2266;269;10;42.03
2267;161;9;57.57
2268;339;8;48.33
2269;40;9;65.71
2270;393;7;29.45
2271;397;5;66.2
2272;233;3;102.8
2273;146;8;48.66
2274;32;8;63.17
2275;496;2;79.82
2276;324;10;71.52
2277;162;1;14.4
2278;374;2;87.8
2279;174;3;86.11
2280;213;5;28.08
2281;187;2;16.07
2282;432;5;24.12
2283;96;5;20.7
2284;296;8;9.52
2285;69;2;53.36
2286;155;6;46.93
2287;102;1;85.42
2288;127;3;46.61
2289;42;5;6.59
2290;178;7;21.03
2291;261;6;17.72
2292;139;10;57.85
2293;55;7;81.54
2294;184;6;8.83
2295;55;9;93.65
2296;292;5;59.65
2297;16;10;64.48
2298;447;5;16.75
2299;99;9;45.16
2300;240;4;88.13
2301;118;5;79.52
2302;451;1;65.14
2303;352;9;73.57
2304;158;2;14.2
2305;98;10;54.54
2306;458;9;67.41
2307;301;1;74.12
2308;372;1;43.09
2309;157;10;13.53
2310;442;10;45.81
2311;272;3;58.62
2312;35;5;26.44
2313;33;5;56.56
2314;85;4;31.14
2315;484;1;68.96
2316;179;9;77.97
2317;344;6;103.5
2318;173;5;90.38
2319;358;9;18.36
2320;352;8;89.51
2321;285;8;59.25
2322;476;1;9.0
2323;319;8;10.54
2324;30;8;47.91
2325;349;6;44.42
2326;175;3;93.85
2327;314;4;43.13
2328;23;2;32.34
2329;408;3;56.28
2330;258;8;25.16
2331;165;8;41.56
2332;161;8;60.58
2333;24;9;33.06
2334;453;3;53.77
2335;463;6;81.3
2336;277;2;102.32
2337;62;6;88.03
2338;44;6;89.71
2339;80;4;78.3
2340;487;9;59.18
2341;277;8;103.68
2342;390;8;98.94
2343;90;9;48.0
2344;410;6;79.66
2345;256;6;49.96
2346;138;1;22.62
2347;45;6;53.77
2348;400;7;46.51
2349;284;7;97.78
2350;319;3;10.23
2351;48;5;23.63
2352;54;3;26.78
2353;222;10;72.58
2354;43;9;62.86
2355;226;8;23.27
2356;111;8;52.79
2357;232;4;54.85
2358;363;4;86.75
2359;456;6;57.26
2360;130;4;81.12
2361;305;9;52.49
2362;259;9;69.42
2363;417;2;17.78
2364;140;2;78.28
2365;442;10;48.75
2366;428;8;36.78
2367;156;8;97.29
2368;186;9;30.54
2369;47;1;93.69
2370;49;10;21.38
2371;13;5;34.31
2372;56;4;19.35
2373;82;7;96.98
2374;176;9;8.73
2375;201;8;26.92
2376;365;5;42.11
2377;161;3;61.43
2378;196;3;18.19
2379;408;1;68.15
2380;44;8;66.12
2381;209;3;65.14
2382;208;10;5.72
2383;242;8;14.99
2384;112;5;36.25
2385;175;2;83.68
2386;456;3;58.27
2387;238;1;42.31
2388;462;8;39.42
2389;487;3;47.93
2390;409;1;13.76
2391;257;1;43.84
2392;11;9;40.34
2393;136;5;81.42
2394;60;7;71.78
2395;68;3;12.45
2396;174;10;91.98
2397;483;6;29.57
2398;330;8;24.75
2399;40;9;49.1
2400;206;3;26.84
2401;230;1;15.44
2402;112;2;41.54
2403;35;3;20.3
2404;189;2;81.05
2405;168;2;27.0
2406;164;5;17.09
2407;402;1;85.07
2408;75;8;40.69
2409;290;9;101.23
2410;449;3;58.2
2411;205;1;47.78
2412;166;7;78.44
2413;450;7;17.61
2414;420;8;42.43
2415;421;7;15.55
2416;8;10;9.19
2417;154;5;10.44
2418;164;9;15.65
2419;121;9;19.82
2420;496;2;75.56
2421;415;10;44.1
2422;214;2;81.27
2423;361;8;26.25
2424;409;8;11.44
2425;153;4;40.09
2426;14;5;20.42
2427;414;8;41.88
2428;84;2;36.91
2429;186;1;25.93
2430;58;10;72.21
2431;60;10;73.41
2432;241;4;18.21
2433;102;7;93.14
2434;119;8;33.83
2435;75;7;38.9
2436;382;4;85.26
2437;59;4;94.37
2438;80;5;65.97
2439;79;10;69.62
2440;351;1;36.21
2441;164;5;17.55
2442;227;10;29.31
2443;288;1;40.27
2444;149;6;54.81
2445;196;9;18.2
2446;188;9;41.68
2447;137;3;53.15
2448;111;6;47.11
2449;156;3;96.95
2450;242;6;14.44
2451;186;4;29.28
2452;221;2;72.2
2453;21;3;57.65
2454;454;1;15.78
2455;342;6;65.21
2456;111;1;66.56
2457;384;10;6.11
2458;228;2;117.5
2459;347;5;98.2
2460;412;9;30.91
2461;407;1;12.12
2462;489;9;75.7
2463;214;9;90.52
2464;43;5;66.14
2465;114;6;15.86
2466;4;10;61.38
2467;61;8;38.73
2468;286;8;8.44
2469;63;6;51.07
2470;145;3;26.14
2471;24;7;36.48
2472;291;3;13.49
2473;272;4;56.79
2474;333;3;6.94
2475;413;1;89.05
2476;79;5;69.88
2477;447;1;17.6
2478;458;6;60.75
2479;30;2;48.68
2480;83;4;5.37
2481;30;7;62.01
2482;432;9;22.33
2483;31;9;57.78
2484;296;3;10.6
2485;221;2;72.03
2486;311;4;60.2
2487;380;9;87.71
2488;466;6;72.61
2489;316;4;41.02
2490;438;10;41.86
2491;385;5;61.36
2492;171;8;24.65
2493;129;2;54.88
2494;283;10;39.81
2495;74;3;48.47
2496;260;1;30.58
2497;201;3;31.35
2498;438;2;35.75
2499;217;2;17.51
2500;235;3;89.01
2501;462;3;33.86
2502;420;4;42.97
2503;68;9;9.65
2504;251;7;67.49
2505;271;4;30.22
2506;431;10;76.58
2507;383;2;50.69
2508;181;5;112.79
2509;72;5;69.53
2510;227;3;31.88
2511;99;8;60.42
2512;88;7;69.9
2513;76;9;70.3
2514;452;10;63.71
2515;205;8;40.34
2516;411;9;85.44
2517;301;3;87.44
2518;381;9;6.75
2519;487;8;54.38
2520;237;8;9.84
2521;452;2;58.23
2522;274;5;27.05
2523;71;3;31.23
2524;60;4;78.24
2525;357;3;31.6
2526;112;9;36.15
2527;2;3;101.65
2528;112;5;35.02
2529;301;9;85.85
2530;479;3;8.59
2531;20;4;95.61
2532;131;3;52.87
2533;374;9;61.63
2534;252;4;91.91
2535;199;9;100.26
2536;124;4;47.58
2537;434;2;99.93
2538;479;3;11.15
2539;486;1;98.13
2540;362;9;26.38
2541;315;9;45.22
2542;450;10;13.56
2543;241;6;23.49
2544;283;5;42.17
2545;480;4;39.07
2546;497;3;80.13
2547;96;4;22.54
2548;192;1;79.81
2549;292;6;68.71
2550;37;3;28.87
2551;304;9;48.1
2552;80;1;82.74
2553;287;5;25.03
2554;386;3;41.01
2555;11;7;41.37
2556;374;9;63.91
2557;390;3;90.28
2558;53;9;119.18
2559;151;1;61.69
2560;38;2;23.47
2561;14;2;15.74
2562;193;10;46.18
2563;116;2;29.53
2564;219;6;47.91
2565;44;2;80.71
2566;137;5;64.05
2567;105;3;21.81
2568;180;2;76.65
2569;346;10;78.12
2570;125;1;74.46
2571;317;6;34.89
2572;52;9;76.28
2573;52;10;65.9
2574;61;7;42.7
2575;224;2;104.7
2576;164;5;19.28
2577;304;4;45.81
2578;90;6;56.79
2579;479;5;8.64
2580;343;2;82.53
2581;320;1;87.38
2582;101;7;41.32
2583;20;7;103.27
2584;447;7;16.7
2585;399;8;104.86
2586;356;6;21.51
2587;499;5;30.17
2588;197;10;90.64
2589;469;1;77.56
2590;225;2;71.39
2591;323;3;62.44
2592;484;8;65.8
2593;219;3;60.57
2594;126;9;16.16
2595;242;8;14.52
2596;329;7;12.89
2597;341;7;15.96
2598;22;10;59.6
2599;254;1;76.0
2600;351;7;36.0
2601;203;6;22.6
2602;212;5;22.71
2603;70;2;22.01
2604;456;9;46.99
2605;64;9;52.28
2606;229;1;21.43
2607;178;9;20.2
2608;187;2;17.16
2609;319;5;7.67
2610;225;7;74.27
2611;253;8;92.12
2612;147;6;63.74
2613;94;8;45.59
2614;330;6;23.09
2615;110;2;60.25
2616;133;10;35.15
2617;439;8;57.57
2618;161;2;74.28
2619;85;10;33.32
2620;294;1;57.53
2621;488;3;65.81
2622;491;3;20.73
2623;375;6;67.43
2624;155;6;56.45
2625;16;10;65.89
2626;228;4;89.22
2627;92;8;72.41
2628;277;9;83.83
2629;152;9;46.62
2630;327;1;97.27
2631;145;8;36.75
2632;68;5;11.15
2633;477;7;46.18
2634;109;9;64.49
2635;242;7;11.24
2636;264;3;83.86
2637;299;3;48.14
2638;289;2;67.57
2639;208;4;6.21
2640;321;2;84.01
2641;485;3;15.85
2642;37;8;31.25
2643;259;4;58.32
2644;458;7;68.02
2645;203;3;23.81
2646;19;4;33.14
2647;259;8;54.24
2648;358;10;19.52
2649;186;7;24.26
2650;313;3;34.79
2651;423;2;67.65
2652;283;9;35.36
2653;199;6;80.87
2654;377;4;31.5
2655;49;3;15.1
2656;13;5;36.84
2657;414;2;42.24
2658;144;10;116.54
2659;279;10;72.66
2660;104;4;33.88
2661;111;2;47.94
2662;156;8;98.72
2663;349;9;51.31
2664;481;2;18.74
2665;365;5;45.42
2666;14;3;21.08
2667;485;10;15.52
2668;18;6;57.08
2669;400;6;47.72
2670;226;7;23.52
2671;222;2;97.42
2672;363;8;83.03
2673;479;2;11.11
2674;343;2;71.64
2675;246;8;73.79
2676;70;8;19.69
2677;111;6;68.16
2678;298;1;62.29
2679;316;10;50.85
2680;57;4;95.85
2681;431;8;71.11
2682;365;5;45.17
2683;271;9;33.56
2684;298;3;54.51
2685;415;5;31.78
2686;254;10;83.93
2687;463;2;110.71
2688;74;2;47.35
2689;473;1;32.79
2690;48;10;24.58
2691;346;5;63.05
2692;475;9;12.35
2693;479;8;12.75
2694;237;1;9.07
2695;418;10;46.84
2696;369;9;35.47
2697;177;5;30.16
2698;469;4;74.77
2699;424;6;10.36
2700;126;7;12.96
2701;185;9;77.47
2702;363;8;67.36
2703;176;6;8.56
2704;27;6;41.28
2705;163;3;66.96
2706;279;8;74.6
2707;435;7;75.19
2708;272;7;56.89
2709;158;6;10.77
2710;148;2;60.91
2711;97;1;24.03
2712;32;3;79.82
2713;164;6;19.83
2714;379;7;58.33
2715;81;5;94.23
2716;408;7;54.99
2717;36;10;33.72
2718;94;8;44.99
2719;31;6;57.88
2720;237;3;9.64
2721;492;6;22.02
2722;68;3;10.56
2723;332;1;12.15
2724;315;4;36.04
2725;173;1;76.64
2726;351;3;29.96
2727;374;6;71.2
2728;30;6;55.81
2729;131;9;55.16
2730;1;3;61.24
2731;302;5;81.47
2732;330;9;21.87
2733;142;7;83.0
2734;383;10;55.04
2735;239;9;33.48
2736;289;7;68.23
2737;411;8;76.3
2738;335;2;69.97
2739;30;5;53.14
2740;353;1;117.4
2741;139;4;51.87
2742;38;4;20.84
2743;80;5;66.29
2744;155;3;48.95
2745;411;9;76.18
2746;150;2;44.21
2747;199;4;93.76
2748;243;5;82.14
2749;335;8;75.53
2750;305;4;49.39
2751;495;5;94.36
2752;303;2;54.87
2753;453;10;57.32
2754;417;8;14.71
2755;65;2;35.5
2756;195;2;12.59
2757;474;5;28.28
2758;343;1;83.61
2759;208;8;5.74
2760;411;4;86.69
2761;190;1;57.6
2762;129;2;59.46
2763;256;2;61.55
2764;308;5;46.58
2765;132;3;13.28
2766;286;10;10.15
2767;222;2;92.52
2768;2;6;98.67
2769;194;2;85.5
2770;291;3;18.6
2771;469;2;72.14
2772;26;1;6.84
2773;89;6;10.42
2774;451;5;52.69
2775;445;2;47.41
2776;419;1;90.32
2777;192;4;75.04
2778;468;5;94.39
2779;163;7;83.96
2780;161;8;71.21
2781;422;10;77.06
2782;464;2;75.15
2783;184;5;9.41
2784;193;6;54.83
2785;261;3;18.28
2786;176;7;7.69
2787;82;7;83.63
2788;242;4;14.48
2789;430;6;30.02
2790;377;2;27.44
2791;337;8;38.65
2792;400;4;39.98
2793;426;4;96.87
2794;214;2;86.95
2795;314;2;47.86
2796;16;8;74.1
2797;211;6;24.47
2798;474;5;26.68
2799;484;10;56.11
2800;135;4;21.98
2801;495;2;80.83
2802;50;1;108.07
2803;129;4;72.52
2804;382;3;63.58
2805;127;6;49.73
2806;50;4;90.35
2807;77;1;41.8
2808;429;2;53.49
2809;383;9;51.09
2810;455;6;87.83
2811;138;1;26.44
2812;69;10;59.81
2813;89;9;8.53
2814;200;8;60.04
2815;217;5;22.82
2816;12;5;101.76
2817;417;3;19.44
2818;294;1;69.24
2819;118;1;67.48
2820;235;1;103.62
2821;97;4;23.27
2822;352;3;66.05
2823;128;1;43.47
2824;388;8;20.46
2825;90;9;56.95
2826;278;2;84.89
2827;260;10;36.01
2828;356;5;21.32
2829;219;6;57.1
2830;471;5;46.47
2831;200;10;82.08
2832;98;6;48.41
2833;240;3;60.82
2834;302;3;80.74
2835;496;7;74.22
2836;139;1;49.5
2837;474;4;25.86
2838;184;2;7.71
2839;337;4;49.42
2840;429;3;45.14
2841;86;8;74.69
2842;161;7;66.4
2843;395;5;27.72
2844;344;7;103.09
2845;416;6;33.75
2846;49;3;16.64
2847;58;8;67.35
2848;407;3;15.09
2849;475;8;12.16
2850;151;10;48.8
2851;322;5;100.3
2852;231;8;19.75
2853;89;6;10.02
2854;462;7;48.01
2855;110;1;52.52
2856;376;10;42.12
2857;77;8;53.03
2858;48;4;20.35
2859;11;10;56.4
2860;18;8;62.31
2861;133;10;32.3
2862;47;8;91.79
2863;410;1;84.62
2864;380;9;73.3
2865;323;3;64.83
2866;439;8;83.12
2867;171;6;22.1
2868;241;4;17.51
2869;500;1;42.46
2870;159;7;13.92
2871;465;10;7.16
2872;23;1;30.55
2873;361;7;27.75
2874;436;1;29.55
2875;390;6;112.42
2876;75;9;33.7
2877;71;7;38.04
2878;482;5;60.29
2879;12;4;91.2
2880;465;6;7.82
2881;163;6;95.71
2882;166;6;67.94
2883;128;6;47.71
2884;297;9;61.3
2885;275;5;59.94
2886;418;10;61.25
2887;136;5;78.44
2888;109;3;49.68
2889;226;3;26.66
2890;325;3;111.26
2891;143;7;10.87
2892;419;10;117.54
2893;323;6;57.78
2894;442;2;39.46
2895;78;3;23.57
2896;133;7;32.67
2897;155;10;52.9
2898;82;1;111.64
2899;315;1;40.15
2900;238;7;40.48
2901;475;10;9.81
2902;124;5;47.78
2903;178;9;19.42
2904;358;10;17.59
2905;190;4;58.05
2906;293;1;57.4
2907;433;3;32.87
2908;457;10;60.62
2909;346;8;75.75
2910;20;3;80.94
2911;438;3;44.86
2912;98;5;55.28
2913;340;4;95.48
2914;46;3;47.04
2915;331;6;59.56
2916;198;1;20.3
2917;221;9;52.79
2918;415;3;35.55
2919;142;9;60.22
2920;182;4;95.62
2921;450;2;19.67
2922;413;7;112.57
2923;326;2;92.43
2924;197;9;70.4
2925;264;9;116.39
2926;237;1;8.27
2927;180;9;103.84
2928;80;2;77.55
2929;102;10;106.0
2930;3;10;71.97
2931;460;7;26.27
2932;401;2;81.17
2933;216;8;77.94
2934;43;1;52.96
2935;461;1;88.91
2936;381;8;6.24
2937;461;7;85.42
2938;497;5;74.88
2939;435;3;99.22
2940;454;4;18.06
2941;167;3;43.89
2942;92;5;60.95
2943;417;2;20.13
2944;23;1;34.81
2945;423;5;60.22
2946;387;4;86.94
2947;278;8;74.25
2948;112;7;31.58
2949;312;4;113.13
2950;437;1;102.01
2951;37;5;30.12
2952;60;3;75.58
2953;107;9;24.46
2954;328;3;16.09
2955;112;4;38.45
2956;252;1;71.07
2957;321;6;94.06
2958;383;4;58.45
2959;76;6;79.92
2960;315;10;33.39
2961;138;8;20.06
2962;47;3;106.33
2963;486;2;88.09
2964;256;7;61.9
2965;480;6;55.41
2966;2;2;80.38
2967;373;9;7.01
2968;82;7;85.82
2969;134;9;71.45
2970;111;2;68.18
2971;55;3;68.22
2972;172;1;15.87
2973;389;8;54.23
2974;204;7;11.26
2975;15;10;67.22
2976;346;9;64.4
2977;103;1;73.11
2978;342;6;49.38
2979;92;8;75.52
2980;461;8;71.8
2981;252;7;69.31
2982;84;1;29.83
2983;226;1;29.86
2984;295;2;106.13
2985;33;6;53.56
2986;176;9;6.94
2987;110;1;74.83
2988;99;1;60.25
2989;21;8;69.98
2990;485;5;14.22
2991;405;5;103.29
2992;289;4;52.07
2993;370;9;81.54
2994;162;2;12.6
2995;195;8;12.68
2996;370;3;70.99
2997;115;6;89.41
2998;165;8;56.33
2999;290;10;87.09
3000;453;1;63.85
3001;491;7;22.89
3002;116;10;29.67
3003;307;6;65.1
3004;232;7;55.58
3005;297;1;66.88
3006;291;6;16.62
3007;78;8;22.6
3008;387;1;81.11
3009;213;3;25.98
3010;87;10;57.81
3011;42;3;6.33
3012;435;3;89.81
3013;478;4;61.07
3014;69;4;61.12
3015;142;5;67.93
3016;209;8;61.98
3017;349;10;47.49
3018;9;4;57.62
3019;266;1;91.36
3020;7;9;76.93
3021;493;4;31.28
3022;383;3;45.15
3023;398;4;53.75
3024;104;7;44.44
3025;442;10;50.54
3026;325;7;89.39
3027;297;9;65.89
3028;325;1;89.96
3029;16;4;78.65
3030;32;2;60.58
3031;263;3;47.92
3032;160;10;15.74
3033;140;5;73.17
3034;19;7;30.27
3035;295;6;81.4
3036;90;3;56.19
3037;474;8;34.55
3038;251;3;56.4
3039;18;2;54.95
3040;477;8;47.6
3041;56;7;20.73
3042;146;5;51.85
3043;54;2;22.49
3044;188;3;53.12
3045;351;5;28.05
3046;210;1;107.76
3047;187;7;17.68
3048;137;1;55.92
3049;360;3;18.84
3050;76;3;55.36
3051;77;10;54.43
3052;18;8;55.42
3053;154;2;10.34
3054;462;2;43.06
3055;281;8;86.25
3056;167;10;45.6
3057;478;5;48.53
3058;129;7;58.41
3059;143;9;8.89
3060;309;7;38.2
3061;56;10;20.29
3062;146;4;39.14
3063;138;4;21.8
3064;180;6;87.22
3065;127;8;44.97
3066;238;6;45.45
3067;135;6;21.11
3068;197;10;79.43
3069;470;5;20.41
3070;402;9;95.78
3071;208;1;6.58
3072;32;5;75.59
3073;498;8;36.31
3074;328;6;14.9
3075;136;4;91.0
3076;281;3;85.85
3077;484;10;60.16
3078;146;9;49.74
3079;470;6;16.87
3080;113;4;23.07
3081;342;6;73.03
3082;428;10;36.99
3083;223;1;63.88
3084;362;1;19.31
3085;325;2;89.67
3086;8;2;12.83
3087;135;2;22.01
3088;220;6;75.31
3089;372;1;42.96
3090;236;2;38.28
3091;152;4;56.48
3092;258;5;32.11
3093;299;1;38.27
3094;6;9;65.32
3095;417;2;21.15
3096;209;9;47.7
3097;240;7;79.82
3098;25;4;38.46
3099;60;8;60.58
3100;57;9;88.11
3101;331;8;61.07
3102;110;5;51.91
3103;31;6;54.6
3104;373;2;9.1
3105;66;9;85.55
3106;191;5;68.91
3107;277;5;94.67
3108;220;4;72.53
3109;347;4;105.4
3110;282;5;61.51
3111;460;1;26.47
3112;333;7;8.27
3113;422;5;98.9
3114;408;10;64.22
3115;288;3;41.39
3116;54;4;20.1
3117;123;6;68.84
3118;370;3;81.36
3119;2;9;91.09
3120;118;1;58.15
3121;310;3;58.15
3122;186;4;31.46
3123;322;5;71.25
3124;192;6;65.13
3125;258;1;24.26
3126;305;1;47.81
3127;44;1;77.74
3128;478;7;65.9
3129;206;2;19.52
3130;224;9;81.2
3131;500;9;34.97
3132;124;6;45.88
3133;499;10;30.14
3134;283;7;29.89
3135;4;10;56.88
3136;180;8;84.69
3137;315;7;36.86
3138;343;7;89.28
3139;27;10;42.24
3140;7;7;83.87
3141;188;9;44.82
3142;411;5;75.16
3143;347;1;87.22
3144;326;3;75.41
3145;180;1;71.53
3146;312;2;114.47
3147;294;1;67.95
3148;25;5;36.64
3149;292;5;63.34
3150;196;4;16.08
3151;274;2;33.99
3152;292;4;52.86
3153;418;3;48.67
3154;6;5;61.24
3155;335;10;57.4
3156;317;2;28.04
3157;77;2;60.49
3158;64;1;72.71
3159;382;8;89.4
3160;133;10;32.2
3161;133;3;26.61
3162;69;6;48.88
3163;237;8;10.07
3164;441;1;100.81
3165;276;3;77.0
3166;307;7;79.33
3167;128;8;47.8
3168;49;1;21.33
3169;432;9;25.26
3170;120;6;60.06
3171;183;10;9.12
3172;57;10;80.56
3173;374;1;86.16
3174;36;2;30.27
3175;278;4;75.11
3176;277;7;90.16
3177;462;6;38.16
3178;139;8;50.53
3179;335;9;57.46
3180;366;10;28.84
3181;206;5;19.68
3182;156;3;88.38
3183;173;8;97.49
3184;462;8;39.45
3185;164;4;19.08
3186;107;2;16.81
3187;450;1;16.46
3188;23;6;35.44
3189;44;7;89.46
3190;89;1;8.74
3191;191;9;61.65
3192;178;4;15.31
3193;190;2;58.8
3194;206;2;23.28
3195;154;1;11.8
3196;481;10;20.73
3197;445;4;46.07
3198;305;3;36.45
3199;400;5;57.02
3200;188;5;52.76
3201;397;5;80.41
3202;424;5;12.9
3203;464;3;62.27
3204;189;4;70.85
3205;233;3;101.13
3206;423;6;70.11
3207;308;3;66.03
3208;415;5;40.23
3209;422;1;77.39
3210;91;7;28.99
3211;433;2;36.08
3212;58;7;63.08
3213;376;4;52.72
3214;317;10;35.45
3215;317;8;27.31
3216;429;10;42.59
3217;31;2;55.64
3218;465;7;8.88
3219;404;2;54.07
3220;110;2;72.96
3221;22;1;53.4
3222;323;6;54.3
3223;308;8;60.58
3224;325;6;79.08
3225;78;1;19.86
3226;130;2;76.93
3227;177;5;40.72
3228;195;5;13.49
3229;273;5;55.77
3230;412;2;31.98
3231;441;8;82.02
3232;244;7;5.32
3233;469;10;95.55
3234;400;10;52.7
3235;327;7;94.73
3236;275;4;64.81
3237;56;6;17.15
3238;431;9;94.93
3239;406;4;87.62
3240;434;8;97.29
3241;145;4;38.73
3242;308;4;54.24
3243;91;10;26.81
3244;361;6;35.94
3245;357;2;28.47
3246;15;10;77.43
3247;202;3;5.95
3248;165;10;50.41
3249;391;5;13.73
3250;33;1;60.6
3251;406;2;81.76
3252;404;8;61.13
3253;385;2;52.83
3254;275;10;61.76
3255;151;5;45.36
3256;449;7;62.6
3257;348;2;75.84
3258;319;7;8.0
3259;142;1;66.58
3260;268;4;44.15
3261;185;8;66.86
3262;422;6;91.3
3263;261;9;17.67
3264;162;10;13.64
3265;292;2;60.34
3266;67;10;52.74
3267;58;3;60.98
3268;7;8;87.27
3269;209;5;61.05
3270;478;10;62.6
3271;273;8;66.39
3272;45;10;55.64
3273;284;3;71.06
3274;27;6;41.41
3275;481;5;20.35
3276;230;4;19.23
3277;278;6;80.07
3278;7;7;101.21
3279;120;4;54.01
3280;337;10;44.77
3281;428;1;46.16
3282;334;8;90.67
3283;486;2;93.26
3284;245;5;63.88
3285;225;1;82.04
3286;168;1;30.58
3287;120;8;48.36
3288;427;5;25.61
3289;349;8;46.86
3290;468;6;107.47
3291;281;1;89.19
3292;143;2;9.96
3293;395;5;31.06
3294;376;3;53.85
3295;350;4;20.87
3296;271;6;40.11
3297;468;2;110.19
3298;95;5;53.81
3299;155;8;54.06
3300;468;10;83.06
3301;64;7;74.56
3302;342;5;62.43
3303;285;9;58.41
3304;342;9;56.2
3305;29;9;48.45
3306;340;3;68.45
3307;305;3;38.9
3308;367;3;113.34
3309;192;3;62.15
3310;325;4;105.66
3311;40;8;47.58
3312;288;8;41.58
3313;152;1;60.43
3314;399;10;93.86
3315;17;10;36.23
3316;245;2;68.32
3317;70;4;22.39
3318;447;2;22.01
3319;9;3;49.94
3320;174;4;94.65
3321;39;3;39.82
3322;35;3;18.85
3323;108;2;48.0
3324;349;2;44.98
3325;130;1;83.34
3326;63;3;44.13
3327;489;1;89.68
3328;395;7;27.27
3329;490;10;90.88
3330;231;10;16.57
3331;449;10;55.66
3332;406;8;76.25
3333;85;8;36.04
3334;94;7;54.82
3335;430;7;28.59
3336;57;4;91.34
3337;435;2;80.73
3338;12;10;98.29
3339;391;10;12.23
3340;422;9;81.4
3341;170;8;56.87
3342;272;5;64.19
3343;368;5;78.18
3344;76;1;79.93
3345;345;10;78.72
3346;157;8;18.53
3347;76;8;73.69
3348;364;9;70.45
3349;52;3;70.89
3350;11;3;55.16
3351;105;6;21.26
3352;341;10;16.95
3353;142;9;78.17
3354;358;1;20.03
3355;366;6;27.77
3356;91;6;29.28
3357;280;8;44.38
3358;493;3;28.42
3359;230;10;16.82
3360;47;9;104.46
3361;359;3;9.88
3362;284;9;87.41
3363;405;5;113.61
3364;261;1;23.5
3365;250;2;111.37
3366;135;1;25.65
3367;132;2;10.09
3368;342;5;51.14
3369;416;8;45.83
3370;315;3;36.14
3371;228;6;94.4
3372;137;3;69.6
3373;397;2;78.23
3374;157;6;15.59
3375;225;1;94.78
3376;158;3;13.03
3377;96;6;16.64
3378;335;5;73.13
3379;127;7;41.66
3380;142;1;72.86
3381;91;2;32.89
3382;412;5;42.48
3383;29;9;63.97
3384;437;5;74.87
3385;233;3;112.64
3386;121;9;22.24
3387;479;7;8.96
3388;9;6;53.99
3389;428;2;45.39
3390;30;6;49.5
3391;103;2;79.08
3392;115;5;66.03
3393;222;3;74.99
3394;28;10;79.55
3395;390;3;112.53
3396;201;2;24.68
3397;271;1;43.3
3398;41;7;56.03
3399;468;4;115.25
3400;376;5;52.04
3401;429;1;55.66
3402;275;5;49.25
3403;220;5;87.76
3404;264;3;104.55
3405;133;6;31.66
3406;457;7;58.62
3407;29;3;55.54
3408;230;3;20.86
3409;202;2;6.41
3410;397;4;85.25
3411;274;3;33.7
3412;422;7;95.56
3413;180;9;74.23
3414;320;7;82.0
3415;198;3;24.12
3416;199;2;93.38
3417;437;9;102.01
3418;344;7;98.69
3419;34;9;77.94
3420;79;4;47.08
3421;448;3;69.47
3422;52;9;79.17
3423;84;5;34.02
3424;309;7;38.03
3425;463;4;111.65
3426;7;6;84.38
3427;20;10;77.29
3428;397;7;75.38
3429;329;1;12.12
3430;268;6;50.09
3431;163;7;70.44
3432;447;4;18.11
3433;166;5;88.43
3434;37;4;28.78
3435;288;2;42.35
3436;37;10;31.59
3437;325;2;84.99
3438;277;4;91.96
3439;443;1;68.34
3440;132;5;10.74
3441;349;10;54.09
3442;34;6;72.86
3443;425;10;82.09
3444;242;4;12.27
3445;395;5;25.35
3446;399;10;90.23
3447;456;3;63.75
3448;70;8;24.82
3449;290;5;107.22
3450;30;6;52.0
3451;26;10;10.11
3452;169;9;56.27
3453;178;2;17.72
3454;116;2;30.64
3455;366;2;29.52
3456;239;4;33.8
3457;11;2;50.34
3458;23;3;40.8
3459;93;4;18.62
3460;431;2;86.28
3461;484;7;59.75
3462;312;10;81.42
3463;114;6;13.93
3464;84;1;33.05
3465;499;2;28.71
3466;231;3;13.9
3467;394;1;41.24
3468;111;2;65.94
3469;445;3;40.04
3470;239;5;25.78
3471;110;9;60.75
3472;269;7;50.59
3473;499;7;32.12
3474;29;4;50.52
3475;285;5;45.17
3476;53;4;86.33
3477;246;7;62.63
3478;274;7;25.08
3479;377;4;33.45
3480;56;10;21.63
3481;270;2;62.13
3482;212;9;23.59
3483;276;7;64.97
3484;294;9;59.32
3485;99;3;48.72
3486;60;1;67.25
3487;140;7;67.65
3488;124;8;40.13
3489;386;1;34.07
3490;482;6;61.28
3491;25;9;38.19
3492;43;7;75.93
3493;481;2;24.72
3494;115;5;88.63
3495;464;3;71.74
3496;286;5;8.11
3497;223;5;74.62
3498;491;1;23.84
3499;171;9;20.41
3500;435;5;103.37
3501;51;6;66.39
3502;419;5;86.49
3503;156;6;76.52
3504;91;10;26.18
3505;62;8;75.18
3506;477;4;52.64
3507;55;8;84.69
3508;442;7;39.27
3509;189;6;93.34
3510;381;8;6.57
3511;130;10;69.63
3512;369;8;29.86
3513;204;7;10.11
3514;34;10;56.92
3515;360;5;13.89
3516;259;7;77.72
3517;256;10;51.73
3518;377;7;33.7
3519;378;7;38.76
3520;179;4;104.3
3521;12;10;85.46
3522;334;9;78.7
3523;427;10;19.1
3524;75;5;31.64
3525;135;8;20.42
3526;408;7;60.06
3527;166;5;59.55
3528;50;3;108.8
3529;130;4;85.18
3530;65;7;40.46
3531;251;3;64.46
3532;130;8;76.64
3533;234;9;71.1
3534;270;7;73.61
3535;156;6;102.88
3536;449;4;56.23
3537;219;10;46.1
3538;399;1;90.84
3539;402;9;88.12
3540;234;8;65.83
3541;190;7;52.19
3542;140;4;75.46
3543;192;10;71.36
3544;5;2;96.52
3545;195;3;14.94
3546;478;4;67.47
3547;426;4;73.83
3548;113;3;21.97
3549;45;6;59.42
3550;370;2;64.03
3551;250;2;79.41
3552;146;10;51.88
3553;483;1;31.73
3554;158;9;13.64
3555;158;1;13.63
3556;487;7;42.64
3557;366;7;31.55
3558;485;5;13.78
3559;157;1;19.1
3560;488;2;51.54
3561;499;9;29.4
3562;71;5;36.5
3563;436;3;25.07
3564;158;4;13.41
3565;297;2;71.51
3566;472;7;9.3
3567;177;9;29.82
3568;320;8;89.16
3569;84;3;36.48
3570;330;2;25.22
3571;263;2;43.32
3572;378;4;35.73
3573;315;4;44.66
3574;204;4;9.67
3575;85;3;35.77
3576;58;6;73.51
3577;430;7;32.81
3578;38;10;26.79
3579;467;10;60.43
3580;177;6;38.69
3581;163;5;92.03
3582;296;9;12.78
3583;436;9;23.48
3584;452;4;76.61
3585;486;4;96.31
3586;328;3;15.92
3587;203;4;18.46
3588;389;4;60.42
3589;88;3;77.96
3590;178;9;16.61
3591;451;9;53.88
3592;14;5;20.75
3593;395;1;28.48
3594;421;3;18.12
3595;117;4;93.58
3596;294;5;72.87
3597;178;8;19.67
3598;244;4;7.37
3599;276;5;67.78
3600;280;8;43.36
3601;284;10;96.65
3602;27;2;31.44
3603;32;8;75.05
3604;247;6;25.68
3605;353;4;93.51
3606;318;3;60.29
3607;196;7;20.51
3608;67;3;54.95
3609;35;9;21.66
3610;12;7;103.51
3611;350;2;21.93
3612;152;9;44.35
3613;410;1;85.42
3614;162;9;12.93
3615;494;8;66.51
3616;384;1;7.29
3617;308;5;54.43
3618;404;4;51.85
3619;415;4;32.46
3620;92;4;61.06
3621;83;5;6.89
3622;286;1;9.02
3623;187;3;17.8
3624;165;4;48.15
3625;170;6;56.7
3626;399;9;117.54
3627;41;5;59.97
3628;199;1;93.89
3629;413;7;79.06
3630;238;4;46.98
3631;159;6;19.03
3632;151;1;45.33
3633;1;1;74.23
3634;253;8;103.07
3635;3;2;68.17
3636;314;6;45.17
3637;448;5;64.96
3638;77;7;52.55
3639;176;10;7.82
3640;39;7;48.72
3641;138;5;26.74
3642;393;2;28.74
3643;341;8;15.18
3644;358;2;22.18
3645;389;2;64.75
3646;443;7;69.23
3647;194;9;90.86
3648;316;3;49.41
3649;179;6;95.26
3650;496;1;72.66
3651;128;8;57.51
3652;145;1;26.54
3653;41;1;61.03
3654;441;9;78.65
3655;73;3;16.46
3656;111;10;56.09
3657;113;1;25.18
3658;349;3;43.09
3659;310;1;57.96
3660;188;3;57.23
3661;80;3;80.7
3662;193;4;47.96
3663;30;4;46.24
3664;64;10;50.95
3665;313;9;39.69
3666;126;6;13.32
3667;488;3;58.05
3668;64;5;70.92
3669;404;9;55.7
3670;80;6;66.15
3671;103;8;99.08
3672;54;3;23.71
3673;211;3;34.86
3674;225;9;81.08
3675;356;3;21.74
3676;298;6;48.14
3677;200;4;69.19
3678;317;1;34.38
3679;462;8;45.88
3680;379;7;75.58
3681;164;10;18.21
3682;443;9;51.64
3683;283;8;30.73
3684;69;3;65.58
3685;168;9;31.61
3686;2;9;75.97
3687;279;6;75.98
3688;142;5;63.62
3689;49;8;18.05
3690;153;2;45.21
3691;20;5;96.96
3692;404;3;51.13
3693;302;10;112.28
3694;482;10;67.53
3695;33;10;65.08
3696;138;2;22.89
3697;137;2;53.39
3698;466;10;75.18
3699;356;1;22.0
3700;123;2;66.55
3701;150;7;33.39
3702;208;3;6.75
3703;23;2;35.65
3704;471;7;54.7
3705;291;2;14.56
3706;496;5;97.17
3707;83;5;7.56
3708;480;10;52.94
3709;338;4;67.87
3710;194;10;101.84
3711;182;8;95.4
3712;138;9;28.14
3713;301;5;88.87
3714;63;8;59.52
3715;37;10;31.54
3716;342;4;51.35
3717;452;4;64.44
3718;213;5;24.8
3719;353;8;83.54
3720;237;9;7.14
3721;360;5;14.66
3722;14;1;14.77
3723;401;8;77.23
3724;428;2;45.33
3725;499;10;32.93
3726;250;1;86.99
3727;175;9;83.14
3728;28;4;85.84
3729;297;9;87.6
3730;297;6;86.09
3731;143;1;10.12
3732;175;4;84.1
3733;8;8;9.35
3734;21;7;58.68
3735;465;7;8.12
3736;153;9;53.67
3737;328;5;14.21
3738;56;10;22.94
3739;500;5;38.02
3740;107;9;23.46
3741;176;4;7.62
3742;405;7;81.31
3743;274;4;31.22
3744;404;2;58.12
3745;371;9;52.86
3746;22;10;72.07
3747;415;2;38.84
3748;407;4;12.75
3749;429;5;54.61
3750;345;1;72.77
3751;90;1;64.33
3752;216;8;107.81
3753;273;8;48.64
3754;403;5;23.67
3755;155;4;58.61
3756;9;4;60.99
3757;36;10;28.81
3758;466;4;92.86
3759;139;4;62.34
3760;486;3;79.54
3761;44;3;82.12
3762;134;10;61.29
3763;206;1;23.72
3764;474;1;25.2
3765;143;2;9.53
3766;414;2;39.83
3767;42;5;7.65
3768;138;4;26.33
3769;464;2;77.28
3770;1;7;75.3
3771;182;7;92.16
3772;267;3;9.83
3773;419;3;95.67
3774;251;8;74.67
3775;92;8;83.0
3776;243;6;77.43
3777;192;5;80.51
3778;118;5;68.7
3779;448;8;90.55
3780;194;6;103.65
3781;101;10;34.17
3782;352;3;95.07
3783;320;6;71.26
3784;391;2;13.24
3785;83;1;6.09
3786;219;3;58.39
3787;262;1;106.81
3788;104;2;44.11
3789;331;9;60.7
3790;448;9;67.97
3791;347;4;110.01
3792;101;3;34.2
3793;12;6;81.35
3794;227;5;28.32
3795;113;2;27.97
3796;5;8;78.81
3797;264;9;92.23
3798;477;2;38.24
3799;140;7;87.38
3800;298;9;43.68
3801;255;4;39.3
3802;39;2;41.25
3803;477;5;47.42
3804;350;2;24.83
3805;374;1;60.17
3806;210;3;76.07
3807;73;1;12.2
3808;32;4;83.62
3809;465;3;6.41
3810;91;2;26.19
3811;26;10;7.84
3812;462;7;39.59
3813;84;3;42.35
3814;445;6;40.62
3815;172;10;19.79
3816;164;3;17.92
3817;460;6;35.58
3818;256;2;60.29
3819;282;1;67.13
3820;203;6;16.52
3821;486;6;99.17
3822;24;10;38.32
3823;221;8;68.87
3824;301;5;77.12
3825;360;9;14.45
3826;439;10;84.0
3827;48;10;24.7
3828;153;10;42.48
3829;439;2;62.29
3830;111;3;56.69
3831;27;3;40.57
3832;213;5;20.1
3833;344;8;78.67
3834;271;10;30.4
3835;290;6;95.1
3836;300;5;91.11
3837;454;7;18.42
3838;401;1;89.75
3839;249;2;80.06
3840;44;1;90.0
3841;386;1;39.21
3842;460;9;28.74
3843;215;9;77.65
3844;442;10;42.67
3845;70;5;21.5
3846;355;9;71.98
3847;96;8;18.82
3848;174;8;77.94
3849;14;7;17.4
3850;351;9;26.07
3851;251;2;63.3
3852;459;1;47.71
3853;322;1;79.15
3854;467;1;66.33
3855;203;7;16.83
3856;326;7;96.31
3857;332;10;10.1
3858;327;9;92.6
3859;23;9;31.8
3860;75;8;40.15
3861;13;4;43.62
3862;303;7;77.93
3863;228;6;84.47
3864;296;4;13.44
3865;229;4;20.05
3866;272;3;66.75
3867;124;6;45.63
3868;48;6;27.38
3869;55;4;88.48
3870;491;9;24.35
3871;61;3;39.59
3872;173;3;83.81
3873;80;6;87.56
3874;309;6;46.34
3875;409;3;10.06
3876;251;5;66.49
3877;65;6;36.95
3878;116;6;23.84
3879;104;8;35.17
3880;178;8;16.37
3881;34;7;70.64
3882;59;9;97.59
3883;238;8;42.23
3884;150;10;34.35
3885;479;9;8.97
3886;426;10;84.69
3887;24;5;46.19
3888;242;9;13.73
3889;26;6;7.34
3890;406;1;80.41
3891;421;7;16.32
3892;37;7;25.87
3893;288;2;38.28
3894;479;4;10.16
3895;442;3;49.93
3896;33;2;56.39
3897;242;2;13.37
3898;205;2;43.36
3899;296;5;9.96
3900;50;9;100.98
3901;142;2;66.23
3902;223;6;62.32
3903;79;6;62.69
3904;349;4;53.27
3905;300;8;90.08
3906;171;6;28.11
3907;473;1;32.95
3908;403;10;20.96
3909;273;4;48.91
3910;49;5;16.69
3911;450;1;17.72
3912;277;8;86.46
3913;2;9;101.16
3914;154;3;12.35
3915;163;7;94.78
3916;440;6;33.19
3917;307;2;84.77
3918;69;2;53.9
3919;125;9;90.49
3920;168;4;27.58
3921;212;5;17.28
3922;484;4;60.07
3923;242;5;16.26
3924;332;2;12.1
3925;99;8;57.29
3926;277;8;80.27
3927;322;8;88.52
3928;270;3;53.78
3929;42;4;7.02
3930;369;2;32.86
3931;91;3;31.35
3932;373;4;9.19
3933;238;4;40.99
3934;489;8;73.0
3935;403;2;18.48
3936;143;5;10.11
3937;429;2;53.73
3938;165;8;54.31
3939;91;2;23.84
3940;8;5;11.69
3941;131;8;58.65
3942;251;7;76.32
3943;17;4;31.54
3944;399;4;100.81
3945;308;4;50.62
3946;247;8;28.78
3947;49;2;19.43
3948;78;9;23.57
3949;115;5;68.89
3950;400;9;48.0
3951;493;9;32.66
3952;465;5;8.73
3953;45;7;72.91
3954;376;10;46.48
3955;78;4;17.47
3956;99;10;54.32
3957;252;1;67.06
3958;203;1;18.15
3959;20;4;103.5
3960;54;2;20.42
3961;177;4;31.83
3962;278;1;75.54
3963;10;6;39.22
3964;220;9;66.48
3965;159;3;19.79
3966;12;1;92.93
3967;50;3;91.25
3968;323;9;68.98
3969;492;7;23.58
3970;379;5;67.19
3971;89;4;10.21
3972;447;9;15.4
3973;93;3;22.37
3974;342;7;64.34
3975;127;5;51.75
3976;474;8;31.25
3977;240;5;78.14
3978;132;2;13.01
3979;37;10;23.56
3980;30;4;58.34
3981;172;8;14.34
3982;112;1;43.24
3983;133;4;25.5
3984;140;1;74.98
3985;358;6;23.15
3986;377;1;27.65
3987;165;4;48.91
3988;166;1;80.64
3989;150;6;37.83
3990;491;2;23.3
3991;124;9;49.63
3992;317;6;26.71
3993;21;4;51.55
3994;150;8;35.49
3995;299;6;46.08
3996;122;9;16.89
3997;130;2;84.61
3998;260;8;28.65
3999;151;9;62.86
4000;312;10;80.28
4001;221;6;70.82
4002;420;9;35.06
4003;326;1;67.14
4004;470;9;15.68
4005;79;10;48.37
4006;424;9;12.79
4007;474;5;36.17
4008;140;8;80.49
4009;49;8;15.48
4010;405;9;115.88
4011;365;6;43.5
4012;151;4;51.96
4013;225;3;80.22
4014;478;9;60.14
4015;284;1;99.0
4016;322;6;72.27
4017;289;6;56.2
4018;14;2;21.14
4019;471;8;41.67
4020;86;8;84.32
4021;254;9;85.6
4022;140;3;70.9
4023;350;6;18.87
4024;278;3;84.01
4025;497;10;92.71
4026;360;4;17.59
4027;208;10;6.59
4028;80;8;95.09
4029;171;6;27.26
4030;410;6;98.61
4031;315;1;36.39
4032;106;2;34.01
4033;56;4;17.77
4034;327;8;99.3
4035;313;5;43.6
4036;213;4;25.28
4037;377;10;26.97
4038;131;1;62.22
4039;236;3;40.05
4040;461;5;68.53
4041;63;7;46.84
4042;100;8;45.35
4043;220;1;82.96
4044;340;5;91.38
4045;74;5;34.9
4046;244;8;5.93
4047;346;6;78.54
4048;179;2;90.99
4049;202;7;7.19
4050;205;8;34.21
4051;246;1;81.07
4052;48;9;26.28
4053;337;8;48.8
4054;46;2;45.75
4055;101;9;32.86
4056;272;6;70.71
4057;265;5;36.67
4058;133;8;36.19
4059;452;1;70.47
4060;114;6;16.42
4061;189;7;71.96
4062;54;1;22.28
4063;21;6;62.59
4064;497;8;100.5
4065;361;6;33.68
4066;359;10;10.26
4067;355;6;56.0
4068;4;4;72.37
4069;224;2;91.15
4070;164;10;16.69
4071;443;1;60.22
4072;480;10;37.89
4073;360;2;13.89
4074;284;2;94.8
4075;109;3;52.65
4076;28;9;97.07
4077;432;8;20.55
4078;442;7;36.38
4079;251;4;65.88
4080;430;1;32.43
4081;454;6;17.74
4082;34;1;57.04
4083;95;2;69.22
4084;57;3;72.14
4085;123;5;61.37
4086;288;9;41.12
4087;499;8;24.79
4088;112;6;36.48
4089;52;10;67.72
4090;167;3;43.43
4091;329;1;12.26
4092;39;8;37.97
4093;433;1;38.05
4094;237;10;9.65
4095;337;8;48.96
4096;264;1;94.38
4097;275;7;51.72
4098;149;5;73.17
4099;30;4;46.68
4100;89;7;9.64
4101;29;2;45.72
4102;457;8;58.85
4103;141;3;81.51
4104;158;2;12.0
4105;375;7;82.93
4106;275;8;49.17
4107;290;5;80.32
4108;358;6;21.87
4109;245;6;70.01
4110;397;10;73.58
4111;332;5;10.1
4112;236;3;44.01
4113;200;2;60.69
4114;291;3;18.15
4115;201;3;24.19
4116;423;8;66.34
4117;460;9;26.46
4118;470;8;20.46
4119;253;10;103.47
4120;353;4;86.03
4121;113;9;31.36
4122;167;1;44.46
4123;102;10;98.97
4124;469;10;85.96
4125;338;1;55.0
4126;334;7;83.51
4127;29;3;61.65
4128;335;9;64.73
4129;94;7;37.32
4130;426;1;79.24
4131;418;5;62.95
4132;448;10;87.51
4133;410;5;94.15
4134;500;4;34.14
4135;63;10;57.55
4136;42;4;8.0
4137;290;2;112.14
4138;201;8;26.24
4139;5;4;95.14
4140;394;1;31.83
4141;224;6;72.42
4142;133;8;31.34
4143;412;9;30.29
4144;493;5;36.83
4145;252;10;88.96
4146;246;8;63.96
4147;2;4;71.39
4148;314;10;41.85
4149;426;5;103.82
4150;363;5;84.95
4151;310;9;61.38
4152;488;4;65.58
4153;40;1;50.08
4154;395;8;30.62
4155;443;5;73.09
4156;310;1;56.89
4157;53;1;94.49
4158;322;6;99.28
4159;190;7;53.58
4160;290;9;107.39
4161;309;10;52.38
4162;366;4;26.9
4163;7;1;99.18
4164;265;3;30.42
4165;384;5;7.62
4166;94;4;38.79
4167;175;1;99.44
4168;20;10;78.22
4169;237;2;9.51
4170;112;4;33.18
4171;313;8;43.3
4172;68;8;11.31
4173;191;7;77.75
4174;24;5;36.3
4175;158;8;10.61
4176;211;9;29.52
4177;366;5;29.32
4178;358;5;21.14
4179;103;3;75.5
4180;499;10;28.8
4181;77;2;57.85
4182;225;6;76.44
4183;317;7;26.92
4184;146;2;54.84
4185;392;9;44.37
4186;298;10;56.26
4187;171;8;27.64
4188;238;9;42.03
4189;389;2;58.15
4190;392;7;48.81
4191;428;2;43.5
4192;432;10;22.72
4193;243;5;63.46
4194;233;10;98.8
4195;442;1;42.03
4196;311;6;64.74
4197;45;8;62.8
4198;397;9;86.91
4199;214;10;82.45
4200;380;2;84.93
4201;30;6;47.74
4202;176;6;6.95
4203;469;5;75.31
4204;409;10;11.7
4205;159;6;17.03
4206;308;2;58.94
4207;116;9;29.36
4208;262;7;99.11
4209;214;5;84.56
4210;436;9;23.91
4211;271;7;34.51
4212;486;9;107.83
4213;153;2;47.27
4214;46;8;40.95
4215;292;9;52.41
4216;151;1;51.9
4217;416;2;46.32
4218;200;1;81.88
4219;167;1;35.32
4220;275;2;54.75
4221;297;8;70.17
4222;441;1;74.67
4223;272;5;69.6
4224;347;10;89.99
4225;371;4;59.95
4226;225;10;90.31
4227;216;9;100.86
4228;373;3;8.86
4229;183;8;10.33
4230;312;8;85.73
4231;338;3;56.44
4232;55;10;65.13
4233;219;2;43.88
4234;44;7;76.13
4235;282;9;82.15
4236;268;3;47.52
4237;12;9;80.51
4238;470;6;15.22
4239;337;3;49.64
4240;93;10;19.71
4241;479;2;9.57
4242;124;2;42.7
4243;178;1;14.5
4244;136;4;66.01
4245;295;7;80.62
4246;221;9;68.49
4247;288;3;29.56
4248;409;9;14.06
4249;199;4;85.41
4250;143;8;8.93
4251;376;10;48.02
4252;376;4;44.29
4253;465;6;7.13
4254;214;10;94.4
4255;276;8;57.66
4256;316;1;47.57
4257;39;7;38.23
4258;120;8;49.59
4259;426;9;71.21
4260;392;6;49.66
4261;284;3;97.07
4262;165;1;52.77
4263;337;10;50.1
4264;16;3;66.08
4265;9;3;47.82
4266;399;4;94.05
4267;10;9;44.75
4268;482;7;59.82
4269;342;10;60.75
4270;276;5;79.02
4271;301;3;88.12
4272;13;2;45.07
4273;68;7;10.75
4274;60;8;63.36
4275;455;5;73.38
4276;448;6;80.69
4277;346;2;60.31
4278;245;2;64.65
4279;193;4;39.21
4280;266;6;96.99
4281;359;3;8.6
4282;281;8;62.84
4283;27;2;43.24
4284;197;3;82.7
4285;297;3;89.57
4286;311;4;58.42
4287;408;10;53.7
4288;429;3;40.82
4289;350;10;25.73
4290;63;3;56.95
4291;150;4;32.48
4292;367;10;112.2
4293;349;3;62.38
4294;258;10;23.34
4295;419;6;98.76
4296;184;4;8.1
4297;182;9;90.59
4298;28;7;106.73
4299;423;6;57.08
4300;341;1;16.71
4301;56;9;18.22
4302;397;8;72.01
4303;322;2;91.44
4304;330;10;20.91
4305;461;3;64.69
4306;337;2;53.7
4307;74;1;49.37
4308;61;7;39.49
4309;122;7;20.57
4310;11;10;41.33
4311;294;3;51.02
4312;69;2;62.22
4313;402;8;75.92
4314;335;7;77.26
4315;130;10;64.03
4316;11;6;40.81
4317;53;7;100.52
4318;317;1;27.86
4319;84;10;33.73
4320;218;9;49.38
4321;81;3;79.61
4322;343;1;98.95
4323;290;3;94.68
4324;128;2;44.39
4325;56;5;19.2
4326;489;10;89.45
4327;262;4;92.5
4328;423;4;51.55
4329;494;9;60.16
4330;106;7;27.77
4331;378;9;33.33
4332;79;6;52.71
4333;290;1;79.43
4334;300;6;91.19
4335;99;7;63.76
4336;254;3;98.36
4337;120;3;62.2
4338;290;2;91.38
4339;171;8;20.9
4340;161;9;63.71
4341;309;10;42.1
4342;261;6;17.1
4343;248;3;36.31
4344;163;3;75.9
4345;71;2;34.12
4346;367;8;83.31
4347;250;5;99.59
4348;54;8;20.72
4349;102;6;89.91
4350;304;8;43.0
4351;93;4;22.11
4352;327;7;85.87
4353;45;3;59.96
4354;91;5;25.53
4355;15;6;69.07
4356;438;8;42.61
4357;323;2;57.55
4358;276;4;60.47
4359;89;6;12.39
4360;457;4;53.44
4361;256;1;56.53
4362;438;6;40.69
4363;75;4;34.02
4364;257;5;45.03
4365;75;7;39.13
4366;348;4;74.15
4367;236;3;43.62
4368;25;7;33.59
4369;454;3;17.96
4370;87;5;57.27
4371;144;4;93.26
4372;473;5;39.44
4373;92;4;69.86
4374;387;3;92.0
4375;248;5;32.91
4376;182;4;81.86
4377;26;6;9.39
4378;405;5;98.37
4379;480;7;43.47
4380;89;1;9.64
4381;284;10;70.2
4382;370;4;75.6
4383;390;8;86.79
4384;248;10;25.68
4385;426;8;73.21
4386;311;4;60.81
4387;21;4;68.45
4388;69;9;47.04
4389;401;3;74.17
4390;324;2;63.31
4391;334;7;82.24
4392;496;2;78.64
4393;1;3;56.19
4394;413;1;87.78
4395;289;3;57.57
4396;76;9;78.49
4397;345;9;88.31
4398;265;7;29.51
4399;487;9;44.68
4400;166;3;61.97
4401;375;6;59.71
4402;371;9;53.66
4403;235;10;98.28
4404;333;2;7.99
4405;410;1;106.52
4406;457;10;51.21
4407;406;10;82.73
4408;446;9;9.37
4409;292;5;70.76
4410;438;8;43.21
4411;57;8;89.18
4412;51;8;68.77
4413;478;10;48.38
4414;9;5;45.13
4415;217;1;21.23
4416;19;1;35.25
4417;158;4;11.27
4418;467;9;71.85
4419;460;4;30.34
4420;7;8;77.71
4421;60;10;74.54
4422;35;9;26.08
4423;69;2;63.58
4424;164;5;18.19
4425;394;1;33.28
4426;215;7;76.12
4427;214;5;103.47
4428;300;10;87.91
4429;241;1;18.26
4430;226;7;27.07
4431;45;10;66.49
4432;112;7;41.79
4433;336;2;97.15
4434;424;6;9.33
4435;300;6;98.41
4436;406;2;75.92
4437;248;4;31.26
4438;122;5;22.28
4439;323;6;72.87
4440;350;9;25.91
4441;418;2;64.62
4442;303;7;55.84
4443;472;8;10.81
4444;298;3;56.89
4445;304;3;39.53
4446;266;7;86.81
4447;63;6;46.77
4448;25;10;33.44
4449;98;9;46.71
4450;120;4;53.81
4451;160;3;16.59
4452;289;7;70.79
4453;159;10;15.11
4454;232;10;64.35
4455;181;5;99.04
4456;416;4;38.16
4457;52;5;69.15
4458;142;10;79.37
4459;225;6;86.28
4460;109;3;49.75
4461;486;9;101.15
4462;153;4;49.11
4463;410;7;101.27
4464;11;7;56.46
4465;307;5;65.03
4466;318;5;73.99
4467;465;3;9.15
4468;51;3;91.26
4469;478;9;65.94
4470;125;2;91.16
4471;188;3;61.08
4472;99;2;48.65
4473;100;9;49.15
4474;274;3;28.94
4475;62;1;80.11
4476;260;1;33.55
4477;139;7;57.06
4478;387;3;85.51
4479;318;5;82.05
4480;380;3;80.09
4481;128;3;48.28
4482;320;7;81.04
4483;3;9;48.64
4484;264;1;108.05
4485;263;1;41.84
4486;154;4;12.36
4487;22;7;63.9
4488;121;5;20.35
4489;80;8;81.78
4490;85;5;34.72
4491;266;4;99.92
4492;150;3;44.51
4493;284;7;84.83
4494;442;2;39.06
4495;114;1;13.81
4496;154;6;12.48
4497;201;4;33.82
4498;312;4;113.63
4499;220;6;72.52
4500;15;1;82.65
4501;135;6;27.12
4502;449;4;48.98
4503;371;1;68.17
4504;474;8;31.36
4505;342;1;62.13
4506;11;1;47.88
4507;497;10;102.46
4508;42;7;8.67
4509;324;9;62.9
4510;225;5;81.64
4511;91;9;25.9
4512;272;9;62.34
4513;490;1;84.54
4514;143;6;11.23
4515;185;4;79.61
4516;448;9;78.95
4517;157;2;14.82
4518;213;4;27.6
4519;126;5;14.23
4520;103;9;96.18
4521;84;1;32.99
4522;199;7;83.65
4523;3;3;67.56
4524;154;2;11.18
4525;350;8;20.41
4526;97;10;26.58
4527;210;3;78.53
4528;286;8;9.53
4529;67;10;64.59
4530;351;4;35.64
4531;419;10;101.04
4532;444;9;69.99
4533;466;1;86.77
4534;148;7;58.35
4535;79;9;61.85
4536;367;6;112.1
4537;361;1;24.14
4538;316;8;51.42
4539;217;4;23.71
4540;39;9;52.93
4541;144;3;107.86
4542;391;8;13.3
4543;136;6;68.8
4544;118;4;73.84
4545;278;1;72.32
4546;387;1;94.75
4547;81;10;88.65
4548;308;8;54.32
4549;404;7;61.87
4550;186;2;33.51
4551;115;2;69.23
4552;80;5;85.67
4553;152;1;49.8
4554;101;8;30.29
4555;332;8;9.15
4556;41;6;54.41
4557;37;3;25.17
4558;31;10;64.87
4559;58;2;61.86
4560;90;7;46.31
4561;13;9;32.95
4562;364;6;58.67
4563;59;10;70.35
4564;371;3;61.01
4565;459;2;62.85
4566;67;3;50.34
4567;350;6;23.82
4568;157;4;13.4
4569;460;1;32.13
4570;380;4;70.57
4571;73;1;15.85
4572;316;4;41.45
4573;160;9;15.72
4574;497;6;103.88
4575;248;7;33.13
4576;441;5;105.5
4577;210;7;82.57
4578;31;6;72.45
4579;478;9;62.7
4580;348;6;60.74
4581;247;5;30.09
4582;368;9;85.08
4583;397;8;68.35
4584;83;6;6.8
4585;262;9;104.08
4586;256;10;46.13
4587;474;8;35.31
4588;242;2;15.38
4589;157;3;15.69
4590;463;2;110.09
4591;97;2;27.29
4592;80;3;85.43
4593;419;6;79.72
4594;115;10;82.43
4595;332;1;12.88
4596;362;8;23.4
4597;270;3;61.13
4598;305;4;35.98
4599;431;4;84.55
4600;128;4;42.25
4601;245;8;60.27
4602;95;6;69.9
4603;449;6;59.75
4604;135;9;22.0
4605;163;2;71.58
4606;413;8;83.87
4607;257;2;37.73
4608;246;4;74.88
4609;26;5;8.19
4610;241;7;17.67
4611;400;10;55.34
4612;447;4;20.2
4613;217;9;18.84
4614;23;10;40.28
4615;6;2;73.98
4616;88;2;57.58
4617;488;3;50.67
4618;219;7;57.52
4619;203;6;20.72
4620;446;5;9.19
4621;280;6;31.51
4622;300;9;96.53
4623;347;8;109.13
4624;381;9;6.38
4625;426;9;81.53
4626;440;1;34.24
4627;254;3;82.74
4628;229;1;22.87
4629;47;1;102.05
4630;60;9;64.45
4631;27;3;45.57
4632;221;2;61.1
4633;5;8;67.66
4634;264;10;96.02
4635;147;4;70.14
4636;88;5;61.62
4637;256;8;54.54
4638;289;6;68.07
4639;69;9;50.15
4640;163;6;94.44
4641;107;9;22.65
4642;179;7;94.06
4643;298;6;53.81
4644;216;6;95.98
4645;89;6;8.41
4646;444;6;66.62
4647;289;2;61.74
4648;30;6;53.07
4649;62;7;83.89
4650;399;10;88.02
4651;48;4;21.74
4652;72;3;64.07
4653;49;1;18.82
4654;253;10;98.37
4655;444;3;59.49
4656;496;4;82.58
4657;99;10;63.22
4658;328;1;15.22
4659;39;7;41.6
4660;2;7;91.99
4661;307;2;64.93
4662;190;7;61.04
4663;448;2;80.16
4664;390;9;81.84
4665;318;4;83.51
4666;166;9;72.31
4667;361;8;24.55
4668;115;6;80.49
4669;100;5;49.24
4670;176;8;6.22
4671;199;2;82.68
4672;311;8;67.26
4673;37;6;25.24
4674;396;4;23.59
4675;339;8;60.91
4676;123;10;69.38
4677;284;8;90.11
4678;125;1;90.26
4679;409;3;14.09
4680;175;9;66.75
4681;436;6;32.99
4682;414;1;36.39
4683;288;6;40.41
4684;144;3;118.52
4685;105;2;24.91
4686;442;3;40.22
4687;92;5;66.31
4688;196;1;15.09
4689;177;4;34.28
4690;344;1;93.77
4691;431;5;93.89
4692;128;10;58.05
4693;242;8;15.56
4694;82;4;97.57
4695;428;7;36.28
4696;343;10;99.68
4697;456;4;64.47
4698;26;3;8.89
4699;414;9;41.38
4700;92;10;72.73
4701;188;3;48.27
4702;187;6;15.76
4703;444;3;56.23
4704;361;2;24.37
4705;484;10;54.07
4706;273;8;66.25
4707;333;5;8.37
4708;487;9;51.57
4709;364;6;68.34
4710;361;3;27.78
4711;460;1;26.85
4712;471;10;46.64
4713;202;4;7.29
4714;36;10;32.21
4715;109;10;64.51
4716;91;10;25.22
4717;177;2;38.59
4718;199;9;77.19
4719;58;5;67.78
4720;418;4;51.85
4721;195;8;15.15
4722;199;10;102.63
4723;419;5;95.08
4724;68;5;11.19
4725;301;10;93.15
4726;49;9;20.12
4727;33;10;53.62
4728;130;1;89.21
4729;326;8;66.91
4730;265;4;42.9
4731;161;7;61.36
4732;483;9;29.47
4733;468;3;92.04
4734;7;6;101.51
4735;184;5;6.8
4736;261;1;20.77
4737;41;7;64.65
4738;70;4;24.79
4739;102;3;102.0
4740;218;7;52.66
4741;318;1;61.25
4742;416;9;33.4
4743;132;5;10.59
4744;308;3;55.3
4745;483;7;35.06
4746;487;4;56.68
4747;361;9;33.3
4748;238;1;50.46
4749;59;3;85.5
4750;498;5;37.23
4751;471;6;48.64
4752;70;10;24.3
4753;65;1;33.52
4754;280;4;42.79
4755;4;5;69.76
4756;30;1;55.02
4757;478;4;61.85
4758;243;4;74.67
4759;138;9;21.19
4760;351;10;25.33
4761;445;8;40.43
4762;230;10;16.9
4763;53;6;106.75
4764;37;7;23.24
4765;48;10;25.65
4766;297;7;70.43
4767;86;9;96.6
4768;342;10;54.08
4769;456;5;46.02
4770;455;9;75.83
4771;474;1;34.81
4772;62;9;99.89
4773;234;7;75.9
4774;140;6;74.7
4775;358;9;15.97
4776;346;2;71.5
4777;416;3;42.1
4778;6;1;68.81
4779;284;1;79.32
4780;245;10;72.85
4781;91;9;34.9
4782;69;6;51.48
4783;221;1;60.01
4784;143;5;9.82
4785;170;1;61.77
4786;170;7;71.6
4787;188;6;45.44
4788;8;8;9.54
4789;418;3;60.34
4790;454;7;14.55
4791;240;4;67.61
4792;471;10;54.18
4793;385;8;69.31
4794;46;1;46.97
4795;428;10;46.45
4796;428;5;48.87
4797;7;2;101.44
4798;98;7;56.54
4799;80;9;75.6
4800;436;8;24.28
4801;454;4;15.87
4802;99;6;60.67
4803;212;4;24.27
4804;126;6;14.77
4805;207;1;14.49
4806;150;9;44.73
4807;499;10;24.76
4808;484;3;63.75
4809;112;6;45.87
4810;429;10;44.69
4811;111;6;57.8
4812;117;6;118.26
4813;17;8;29.35
4814;428;7;51.96
4815;275;5;63.22
4816;166;8;85.51
4817;485;6;14.6
4818;143;9;9.39
4819;376;10;50.53
4820;166;7;68.68
4821;372;6;34.63
4822;77;3;59.56
4823;126;1;15.31
4824;281;2;70.46
4825;18;10;48.26
4826;315;1;39.74
4827;110;4;63.67
4828;440;2;24.82
4829;296;4;11.69
4830;52;2;84.89
4831;121;10;20.27
4832;172;2;15.0
4833;34;2;76.38
4834;59;10;82.96
4835;321;10;95.35
4836;7;5;89.27
4837;435;5;91.46
4838;437;6;72.25
4839;405;2;92.05
4840;490;8;89.74
4841;322;10;75.26
4842;459;7;60.25
4843;181;6;95.45
4844;424;5;11.88
4845;308;8;59.18
4846;394;6;41.0
4847;377;8;32.16
4848;76;1;56.62
4849;419;3;80.02
4850;104;5;42.69
4851;435;8;82.69
4852;29;10;60.91
4853;359;8;10.5
4854;413;1;80.33
4855;53;10;94.18
4856;198;10;23.46
4857;293;5;51.08
4858;137;1;50.49
4859;462;4;36.06
4860;400;1;46.43
4861;141;5;73.87
4862;233;5;111.21
4863;480;10;51.64
4864;170;2;74.41
4865;310;5;69.48
4866;424;1;9.98
4867;80;9;79.34
4868;431;2;88.41
4869;342;3;60.3
4870;139;9;47.0
4871;248;1;32.18
4872;334;8;77.46
4873;19;6;33.56
4874;338;1;49.72
4875;237;3;10.03
4876;165;4;47.46
4877;407;7;11.15
4878;113;4;27.86
4879;457;7;52.54
4880;408;10;56.21
4881;98;8;53.55
4882;454;1;16.91
4883;313;10;34.08
4884;120;9;49.78
4885;258;3;30.5
4886;18;5;46.66
4887;352;6;85.95
4888;127;3;36.94
4889;493;9;28.26
4890;67;4;48.68
4891;89;8;8.79
4892;57;9;83.85
4893;149;8;62.47
4894;133;6;37.42
4895;467;3;77.46
4896;117;4;83.16
4897;31;8;60.32
4898;26;6;8.66
4899;430;3;29.14
4900;30;4;50.47
4901;265;1;32.06
4902;206;6;22.77
4903;447;3;18.04
4904;20;6;77.46
4905;2;7;87.4
4906;396;5;22.05
4907;453;3;58.88
4908;254;8;94.82
4909;415;4;35.95
4910;172;6;16.13
4911;136;2;64.12
4912;42;10;7.01
4913;100;4;38.62
4914;275;7;61.43
4915;13;5;39.65
4916;246;2;61.28
4917;152;10;57.69
4918;333;10;6.43
4919;217;6;24.84
4920;425;7;80.78
4921;295;8;107.77
4922;486;10;116.6
4923;109;4;55.53
4924;208;8;5.25
4925;55;3;68.81
4926;195;9;14.95
4927;17;4;33.38
4928;91;6;35.62
4929;463;4;90.54
4930;277;3;94.16
4931;460;7;35.5
4932;280;7;31.27
4933;11;9;50.68
4934;254;6;80.54
4935;58;6;69.84
4936;494;4;65.22
4937;281;6;61.32
4938;243;7;71.13
4939;461;1;89.79
4940;22;9;59.17
4941;255;7;44.16
4942;101;2;42.33
4943;309;2;45.52
4944;451;10;55.37
4945;28;3;73.14
4946;49;7;19.62
4947;398;3;62.9
4948;105;7;25.61
4949;276;6;56.27
4950;182;10;95.33
4951;495;5;82.02
4952;67;10;56.58
4953;281;10;81.67
4954;3;10;53.08
4955;116;5;27.88
4956;92;7;63.96
4957;491;5;21.92
4958;83;1;5.9
4959;259;6;60.9
4960;252;2;75.54
4961;367;10;101.92
4962;94;6;38.31
4963;143;10;12.55
4964;326;1;91.81
4965;87;3;70.23
4966;67;7;56.25
4967;496;10;82.28
4968;273;6;55.06
4969;49;8;18.59
4970;42;10;6.39
4971;221;6;50.72
4972;282;3;56.88
4973;237;3;7.96
4974;440;2;28.19
4975;269;9;50.39
4976;336;4;90.65
4977;260;6;38.29
4978;393;2;26.05
4979;227;2;28.66
4980;358;1;20.77
4981;445;5;41.27
4982;258;8;24.87
4983;131;5;57.82
4984;178;9;17.05
4985;480;3;39.96
4986;77;6;54.11
4987;500;2;50.24
4988;149;8;60.17
4989;159;3;18.53
4990;439;6;83.52
4991;56;9;21.56
4992;224;3;96.17
4993;464;1;59.76
4994;208;3;6.51
4995;471;4;41.91
4996;301;3;104.2
4997;75;7;43.09
4998;38;5;22.71
4999;492;3;20.19
5000;379;6;78.82
5001;84;4;41.91
5002;163;3;84.91
5003;286;8;7.89
5004;59;7;88.96
5005;371;2;56.79
5006;330;5;23.79
5007;338;3;56.91
5008;38;2;27.31
5009;114;7;19.02
5010;381;7;7.37
5011;218;10;43.76
5012;265;3;34.91
5013;287;5;24.32
5014;395;6;29.96
5015;140;4;80.83
5016;449;4;47.58
5017;351;5;33.76
5018;500;2;35.93
5019;387;3;74.87
5020;34;9;70.47
5021;326;7;81.13
5022;419;8;80.29
5023;130;7;62.13
5024;243;4;76.28
5025;500;1;43.5
5026;123;5;65.71
5027;131;8;67.93
5028;152;2;63.38
5029;176;9;8.86
5030;453;2;71.07
5031;224;7;104.33
5032;449;2;52.45
5033;465;5;6.41
5034;135;9;21.54
5035;201;10;34.74
5036;199;1;107.14
5037;483;9;38.85
5038;386;5;41.7
5039;463;4;89.53
5040;457;6;55.33
5041;459;3;51.92
5042;211;8;26.67
5043;142;2;59.18
5044;44;9;83.62
5045;194;8;83.64
5046;488;5;50.8
5047;222;4;99.3
5048;414;5;37.97
5049;197;5;76.55
5050;305;1;39.79
5051;255;10;44.33
5052;231;10;14.56
5053;221;10;53.66
5054;300;5;99.58
5055;487;4;40.99
5056;9;3;54.77
5057;208;1;6.07
5058;134;1;55.78
5059;84;8;32.17
5060;391;7;14.44
5061;360;8;18.13
5062;279;6;81.71
5063;127;1;36.22
5064;90;8;50.95
5065;473;8;42.56
5066;262;8;114.37
5067;286;6;7.24
5068;87;4;50.79
5069;329;1;9.49
5070;263;9;55.61
5071;425;9;66.94
5072;438;8;33.43
5073;404;9;53.1
5074;400;3;50.46
5075;290;5;103.36
5076;179;10;79.28
5077;85;3;34.1
5078;187;9;16.51
5079;450;7;13.33
5080;443;1;66.76
5081;16;6;63.94
5082;363;4;86.75
5083;207;8;12.75
5084;278;3;99.08
5085;244;1;5.47
5086;365;3;49.4
5087;398;5;59.17
5088;463;6;82.94
5089;180;5;83.7
5090;20;3;103.88
5091;469;9;68.5
5092;144;10;110.25
5093;312;7;115.3
5094;35;8;21.04
5095;381;4;6.82
5096;317;4;34.36
5097;320;7;84.3
5098;144;1;110.76
5099;294;4;60.43
5100;121;6;22.88
5101;253;2;95.22
5102;21;7;52.9
5103;104;9;44.42
5104;300;8;83.15
5105;429;9;53.02
5106;130;4;73.29
5107;245;9;59.54
5108;404;1;44.59
5109;407;1;13.42
5110;20;1;93.44
5111;272;3;70.73
5112;421;10;17.44
5113;74;3;48.96
5114;131;1;63.53
5115;106;2;32.56
5116;246;4;58.27
5117;173;5;69.03
5118;78;6;23.32
5119;387;2;99.87
5120;169;6;54.09
5121;490;2;100.83
5122;343;3;99.61
5123;495;5;93.35
5124;189;2;86.57
5125;280;2;35.68
5126;408;8;50.62
5127;210;7;107.43
5128;19;6;27.78
5129;315;5;39.59
5130;66;5;102.24
5131;256;2;59.37
5132;244;4;6.01
5133;8;1;9.77
5134;153;7;54.96
5135;81;3;89.55
5136;260;2;31.28
5137;357;7;38.91
5138;360;10;14.47
5139;247;4;22.4
5140;167;6;40.22
5141;486;10;112.0
5142;81;2;82.92
5143;385;10;51.45
5144;372;5;35.56
5145;422;8;77.91
5146;44;8;78.78
5147;159;8;16.13
5148;60;9;74.48
5149;273;5;55.54
5150;484;6;51.44
5151;17;2;33.41
5152;2;9;99.17
5153;295;8;81.94
5154;412;4;38.04
5155;247;5;25.89
5156;11;5;58.0
5157;377;10;33.81
5158;468;5;98.53
5159;312;5;98.01
5160;463;2;83.36
5161;286;5;8.53
5162;16;2;74.73
5163;134;7;58.29
5164;197;8;90.51
5165;323;1;75.83
5166;28;4;100.29
5167;124;10;44.68
5168;193;5;48.32
5169;406;10;86.61
5170;405;3;82.7
5171;441;7;79.05
5172;397;7;86.34
5173;207;4;14.19
5174;151;1;55.57
5175;294;3;51.89
5176;329;5;10.36
5177;171;10;24.98
5178;350;9;24.16
5179;162;9;11.93
5180;96;5;22.69
5181;308;1;51.47
5182;205;7;42.7
5183;416;10;33.39
5184;193;5;55.03
5185;480;1;39.77
5186;286;8;10.5
5187;300;3;74.83
5188;234;5;72.07
5189;108;8;40.8
5190;168;2;33.03
5191;4;7;70.56
5192;448;2;81.83
5193;371;8;49.11
5194;299;7;43.54
5195;377;7;35.01
5196;336;1;88.38
5197;487;8;40.2
5198;62;2;85.38
5199;305;10;38.97
5200;196;10;18.6
5201;58;7;71.05
5202;306;3;42.16
5203;260;1;30.0
5204;336;2;89.66
5205;474;7;32.21
5206;331;8;65.7
5207;89;10;10.92
5208;488;4;52.34
5209;110;10;61.58
5210;323;1;64.1
5211;253;10;82.14
5212;309;6;44.71
5213;500;5;43.75
5214;256;2;45.77
5215;301;6;95.15
5216;9;10;45.59
5217;404;10;60.62
5218;46;10;41.99
5219;96;2;15.49
5220;472;4;9.07
5221;4;10;73.21
5222;337;5;40.46
5223;397;4;64.41
5224;375;9;67.67
5225;152;4;59.57
5226;408;7;60.97
5227;23;2;30.05
5228;287;4;20.4
5229;401;1;80.77
5230;262;1;95.85
5231;364;4;78.49
5232;313;3;31.97
5233;314;4;45.27
5234;323;5;60.37
5235;218;1;52.6
5236;195;3;12.37
5237;412;3;41.97
5238;183;4;8.35
5239;126;5;17.06
5240;491;4;25.67
5241;451;2;71.81
5242;130;6;78.47
5243;428;4;41.44
5244;150;9;42.53
5245;397;8;73.47
5246;419;1;105.02
5247;71;1;39.45
5248;141;4;73.24
5249;242;8;15.67
5250;277;3;103.94
5251;43;10;67.27
5252;202;4;6.75
5253;204;2;9.78
5254;246;8;54.86
5255;149;7;65.31
5256;392;5;48.98
5257;449;9;50.28
5258;107;7;24.07
5259;212;4;19.94
5260;257;6;37.72
5261;70;5;20.29
5262;73;8;13.67
5263;113;7;26.25
5264;301;1;84.3
5265;307;6;77.98
5266;234;9;85.4
5267;413;2;86.11
5268;71;3;32.1
5269;323;3;72.71
5270;267;2;11.91
5271;197;2;83.48
5272;409;5;13.49
5273;164;1;14.65
5274;314;2;37.57
5275;465;2;9.08
5276;164;3;19.71
5277;175;5;99.16
5278;276;10;69.86
5279;133;2;33.54
5280;434;10;86.83
5281;328;6;13.88
5282;344;2;110.8
5283;56;8;20.98
5284;435;1;78.49
5285;272;8;80.02
5286;240;8;81.71
5287;204;10;9.66
5288;452;2;73.9
5289;224;3;99.05
5290;300;4;94.12
5291;447;7;20.91
5292;275;10;57.8
5293;392;1;54.01
5294;140;6;62.36
5295;55;5;91.9
5296;167;4;47.27
5297;252;8;79.52
5298;131;6;66.78
5299;331;6;63.24
5300;272;7;80.04
5301;472;3;10.07
5302;265;6;42.57
5303;263;1;42.13
5304;377;1;30.26
5305;322;8;88.05
5306;134;5;59.29
5307;199;5;101.82
5308;119;4;41.35
5309;386;6;33.77
5310;482;9;52.18
5311;32;9;57.06
5312;442;6;44.31
5313;146;1;55.54
5314;376;1;39.84
5315;448;10;78.73
5316;111;2;48.97
5317;212;3;19.06
5318;500;10;48.89
5319;367;3;77.8
5320;399;7;113.03
5321;303;7;61.06
5322;119;7;43.76
5323;46;7;37.56
5324;27;2;36.11
5325;264;8;95.03
5326;206;9;23.7
5327;337;8;41.57
5328;217;4;24.88
5329;49;7;17.28
5330;485;10;13.96
5331;51;10;75.8
5332;433;10;38.83
5333;241;10;23.31
5334;211;1;28.49
5335;433;3;38.99
5336;305;9;52.59
5337;141;9;62.08
5338;336;8;82.32
5339;112;4;44.38
5340;263;10;55.75
5341;298;8;48.24
5342;313;7;41.85
5343;297;4;84.4
5344;210;2;82.95
5345;377;8;29.68
5346;86;3;83.09
5347;104;3;42.3
5348;12;8;91.71
5349;470;2;17.95
5350;341;5;13.13
5351;429;8;50.11
5352;148;9;62.32
5353;274;5;34.57
5354;35;7;21.14
5355;377;1;32.77
5356;391;1;13.25
5357;205;7;37.06
5358;379;3;67.74
5359;150;4;41.2
5360;316;8;48.0
5361;179;7;73.07
5362;56;2;15.9
5363;317;5;33.12
5364;472;5;7.74
5365;384;2;7.69
5366;439;10;65.2
5367;146;7;49.13
5368;245;4;53.22
5369;385;7;53.21
5370;277;6;102.07
5371;169;3;46.89
5372;131;4;56.8
5373;174;1;96.85
5374;76;10;67.43
5375;164;7;18.83
5376;226;9;21.13
5377;188;10;55.03
5378;195;10;13.32
5379;73;1;13.08
5380;27;10;40.57
5381;274;1;26.2
5382;412;1;35.47
5383;88;7;66.09
5384;64;3;67.7
5385;305;8;46.13
5386;464;1;77.12
5387;341;1;15.54
5388;354;7;82.91
5389;451;4;55.54
5390;63;10;42.65
5391;107;4;24.71
5392;14;9;15.3
5393;323;9;63.25
5394;118;1;78.9
5395;60;2;71.72
5396;318;10;61.38
5397;43;5;54.1
5398;176;6;7.81
5399;212;3;22.21
5400;75;2;37.75
5401;180;8;96.3
5402;110;9;73.52
5403;181;8;87.58
5404;335;3;79.57
5405;303;3;63.36
5406;205;6;33.28
5407;101;7;40.06
5408;49;4;20.12
5409;356;6;26.4
5410;42;4;6.46
5411;120;2;65.47
5412;486;6;108.54
5413;37;10;33.27
5414;125;5;90.44
5415;477;5;44.47
5416;226;1;23.92
5417;199;9;91.11
5418;178;7;18.32
5419;470;2;17.94
5420;429;1;56.08
5421;106;2;26.97
5422;396;4;31.33
5423;318;1;70.91
5424;14;10;16.64
5425;272;9;76.7
5426;387;1;107.76
5427;232;6;62.93
5428;361;4;28.07
5429;179;2;89.97
5430;222;2;97.64
5431;49;4;18.99
5432;340;7;86.44
5433;305;9;52.63
5434;233;10;108.33
5435;52;10;66.4
5436;73;6;13.71
5437;336;7;75.82
5438;159;9;15.32
5439;321;4;83.03
5440;64;9;68.19
5441;303;9;66.59
5442;64;4;74.4
5443;340;1;81.67
5444;392;9;41.8
5445;379;4;67.98
5446;120;6;66.85
5447;128;4;42.44
5448;375;5;79.24
5449;182;7;85.31
5450;464;4;66.28
5451;379;3;67.67
5452;308;10;61.77
5453;86;6;85.27
5454;287;10;19.89
5455;294;5;65.47
5456;234;3;59.85
5457;188;1;43.5
5458;259;7;59.32
5459;111;8;64.03
5460;205;2;37.91
5461;199;7;95.09
5462;267;1;12.99
5463;180;3;95.58
5464;69;10;67.67
5465;292;6;66.2
5466;442;6;49.92
5467;55;4;72.11
5468;344;5;89.32
5469;151;8;54.32
5470;123;3;69.0
5471;189;3;94.56
5472;469;3;89.87
5473;140;6;65.07
5474;4;7;51.64
5475;432;3;27.04
5476;329;2;12.3
5477;316;7;51.26
5478;246;5;67.07
5479;324;1;68.08
5480;378;4;30.1
5481;170;6;62.97
5482;162;2;12.23
5483;363;3;68.49
5484;286;7;9.92
5485;24;5;42.15
5486;437;9;96.53
5487;317;4;25.83
5488;11;5;53.27
5489;478;4;61.27
5490;311;9;67.99
5491;55;4;66.52
5492;195;10;13.17
5493;202;1;6.33
5494;484;3;63.5
5495;255;8;40.26
5496;85;10;44.02
5497;267;2;9.23
5498;191;7;59.59
5499;318;9;75.78
5500;124;1;43.06
5501;202;7;5.52
5502;441;3;106.84
5503;283;2;28.96
5504;323;5;67.7
5505;286;3;10.4
5506;365;3;44.7
5507;483;7;27.59
5508;95;3;62.21
5509;410;1;82.85
5510;238;8;46.13
5511;494;7;70.05
5512;139;6;60.09
5513;62;4;88.68
5514;289;9;65.15
5515;93;9;15.04
5516;324;6;65.38
5517;132;2;12.54
5518;413;6;104.59
5519;51;8;82.17
5520;147;1;58.55
5521;319;10;9.27
5522;213;3;22.52
5523;263;6;54.1
5524;162;5;13.64
5525;128;2;53.5
5526;345;2;64.04
5527;312;7;77.29
5528;318;7;69.53
5529;223;2;58.26
5530;50;3;103.57
5531;333;1;6.78
5532;195;6;14.98
5533;342;8;58.13
5534;256;6;65.1
5535;281;3;74.69
5536;351;1;36.61
5537;497;4;83.85
5538;62;1;106.06
5539;208;6;5.73
5540;401;7;99.35
5541;18;2;54.09
5542;380;7;62.95
5543;409;8;11.39
5544;86;2;101.02
5545;500;8;35.56
5546;210;7;103.99
5547;358;4;19.9
5548;262;2;83.71
5549;229;9;22.17
5550;225;9;69.33
5551;102;4;116.23
5552;107;10;16.96
5553;278;3;100.27
5554;496;2;71.58
5555;463;7;95.98
5556;481;8;20.18
5557;436;9;28.76
5558;474;1;29.99
5559;363;5;60.04
5560;334;1;104.11
5561;338;5;71.12
5562;86;10;74.25
5563;315;5;44.64
5564;447;10;17.73
5565;446;7;9.79
5566;365;2;49.12
5567;229;2;27.17
5568;322;6;77.65
5569;136;6;67.65
5570;340;7;85.18
5571;306;1;45.35
5572;204;9;9.69
5573;236;5;36.58
5574;31;4;71.32
5575;367;6;104.4
5576;154;4;10.64
5577;491;8;21.11
5578;376;2;56.13
5579;325;7;83.06
5580;493;9;37.71
5581;351;6;32.89
5582;103;6;87.69
5583;464;5;76.0
5584;300;10;107.37
5585;424;1;12.62
5586;18;7;45.96
5587;87;4;59.59
5588;387;5;100.83
5589;416;10;34.65
5590;240;3;62.1
5591;454;1;15.28
5592;264;4;97.06
5593;498;2;34.11
5594;56;10;18.79
5595;474;3;25.79
5596;345;6;62.84
5597;89;7;8.5
5598;102;2;82.67
5599;369;4;30.73
5600;361;3;25.36
5601;49;1;17.85
5602;455;7;86.43
5603;17;5;38.14
5604;10;4;45.67
5605;160;2;17.93
5606;35;2;20.86
5607;340;3;75.6
5608;360;9;17.49
5609;16;10;73.91
5610;71;1;39.84
5611;119;8;45.6
5612;232;8;46.08
5613;455;5;87.44
5614;286;1;10.45
5615;38;3;25.76
5616;193;3;45.47
5617;472;10;10.8
5618;340;5;101.27
5619;143;4;9.6
5620;146;8;48.95
5621;41;5;65.21
5622;229;10;26.74
5623;464;9;73.85
5624;13;5;35.87
5625;404;9;61.67
5626;106;3;25.4
5627;175;4;69.26
5628;90;8;55.93
5629;426;7;77.87
5630;459;2;46.96
5631;400;3;40.6
5632;121;7;20.62
5633;382;10;90.33
5634;195;10;14.7
5635;118;8;62.44
5636;155;3;56.03
5637;421;1;15.34
5638;277;6;77.71
5639;81;9;96.51
5640;119;8;36.69
5641;208;5;6.04
5642;336;3;90.89
5643;5;1;92.54
5644;170;3;50.68
5645;25;4;31.41
5646;144;3;105.17
5647;355;2;61.48
5648;402;1;90.99
5649;164;7;16.4
5650;158;9;11.59
5651;43;2;73.63
5652;91;10;27.91
5653;155;2;51.88
5654;325;9;102.27
5655;228;4;96.74
5656;419;1;102.21
5657;492;8;25.51
5658;7;1;89.84
5659;51;5;87.05
5660;154;2;9.92
5661;41;2;70.77
5662;384;1;7.01
5663;279;9;100.12
5664;152;6;46.37
5665;277;9;107.46
5666;51;2;79.91
5667;180;5;104.78
5668;265;1;36.41
5669;478;3;65.05
5670;315;7;40.61
5671;213;10;21.23
5672;423;6;50.69
5673;463;9;92.72
5674;144;4;86.55
5675;43;2;62.54
5676;138;1;21.12
5677;475;2;10.86
5678;91;5;29.94
5679;449;9;62.8
5680;162;1;14.55
5681;212;5;25.04
5682;89;8;10.46
5683;283;1;31.61
5684;246;5;57.58
5685;182;5;83.55
5686;85;5;41.83
5687;159;9;19.82
5688;371;2;68.86
5689;108;6;41.59
5690;119;8;36.15
5691;429;5;46.92
5692;425;5;68.71
5693;198;2;27.34
5694;413;6;84.34
5695;292;9;64.76
5696;480;6;40.98
5697;120;5;67.29
5698;499;2;32.11
5699;135;2;26.77
5700;205;6;47.95
5701;356;5;24.95
5702;182;2;82.81
5703;9;2;42.44
5704;353;4;93.62
5705;434;3;103.26
5706;479;2;10.83
5707;59;2;76.96
5708;421;1;13.88
5709;47;8;86.46
5710;294;10;58.55
5711;195;2;15.22
5712;273;10;49.01
5713;433;3;31.15
5714;483;6;29.72
5715;421;10;18.51
5716;181;2;105.96
5717;398;4;57.88
5718;133;7;32.02
5719;104;3;36.38
5720;308;1;67.68
5721;463;4;105.03
5722;416;2;45.5
5723;369;7;31.71
5724;148;3;58.46
5725;185;10;82.98
5726;379;6;66.24
5727;15;6;78.26
5728;105;1;24.44
5729;240;7;84.52
5730;187;8;12.55
5731;274;1;33.96
5732;408;9;52.88
5733;71;2;33.26
5734;416;3;40.97
5735;301;8;87.34
5736;315;10;42.75
5737;421;2;17.36
5738;71;2;28.46
5739;225;4;101.3
5740;53;7;83.54
5741;56;9;19.25
5742;142;8;82.43
5743;217;7;16.75
5744;363;3;85.06
5745;426;2;85.79
5746;158;4;10.81
5747;309;2;41.62
5748;216;4;107.67
5749;272;5;65.08
5750;378;2;29.81
5751;340;3;84.52
5752;230;6;20.72
5753;107;5;19.58
5754;491;5;20.37
5755;69;8;51.03
5756;15;10;82.28
5757;354;8;65.38
5758;183;3;11.74
5759;182;6;89.21
5760;461;7;75.27
5761;139;1;59.44
5762;489;1;70.36
5763;232;3;51.74
5764;427;10;27.3
5765;119;9;46.66
5766;121;9;25.83
5767;106;7;31.75
5768;64;7;59.84
5769;192;1;85.43
5770;202;3;6.08
5771;96;6;16.87
5772;357;2;33.14
5773;53;4;97.5
5774;234;5;61.27
5775;369;4;37.16
5776;319;3;7.78
5777;131;5;69.0
5778;500;5;48.65
5779;338;1;64.58
5780;380;6;68.14
5781;389;1;59.48
5782;20;8;99.59
5783;187;9;14.11
5784;8;2;13.4
5785;253;5;91.14
5786;373;7;8.98
5787;469;4;95.59
5788;433;5;28.22
5789;67;5;49.73
5790;407;6;12.63
5791;97;6;24.12
5792;497;1;95.11
5793;10;6;40.61
5794;163;1;98.85
5795;393;10;29.96
5796;293;1;71.52
5797;200;5;71.96
5798;242;1;14.3
5799;131;5;59.37
5800;163;4;96.72
5801;334;9;90.61
5802;6;3;75.07
5803;115;7;62.92
5804;355;10;69.9
5805;32;10;78.43
5806;225;4;92.31
5807;343;5;78.49
5808;313;7;46.91
5809;67;6;60.75
5810;170;7;74.93
5811;445;10;52.2
5812;80;4;84.29
5813;343;6;78.75
5814;58;4;67.45
5815;81;2;67.14
5816;262;8;80.61
5817;262;2;90.33
5818;417;6;15.79
5819;41;3;61.31
5820;114;10;18.92
5821;230;10;15.18
5822;413;10;85.87
5823;119;7;37.93
5824;143;7;10.42
5825;407;9;14.93
5826;225;2;93.98
5827;355;7;75.26
5828;234;2;82.58
5829;113;6;22.06
5830;207;3;13.98
5831;72;4;63.88
5832;165;3;40.89
5833;249;3;80.71
5834;461;8;68.97
5835;132;7;14.74
5836;170;10;67.23
5837;286;1;10.13
5838;339;6;62.84
5839;468;10;80.36
5840;336;3;72.24
5841;427;7;26.26
5842;7;1;89.82
5843;28;3;103.35
5844;397;10;62.08
5845;464;10;68.61
5846;91;7;26.31
5847;385;5;51.63
5848;70;2;19.59
5849;223;3;62.65
5850;262;9;105.23
5851;167;2;42.18
5852;363;2;74.52
5853;105;9;20.61
5854;197;6;91.07
5855;474;3;33.16
5856;174;2;104.85
5857;56;9;19.76
5858;467;8;81.28
5859;491;1;17.68
5860;486;6;93.11
5861;435;7;96.16
5862;87;1;64.98
5863;287;3;21.04
5864;64;3;69.32
5865;197;1;96.07
5866;40;3;53.95
5867;328;5;12.49
5868;141;9;57.95
5869;68;8;11.08
5870;170;9;59.72
5871;487;8;58.95
5872;383;4;48.89
5873;339;5;51.01
5874;207;3;14.09
5875;475;3;13.46
5876;139;5;57.65
5877;169;7;44.4
5878;304;1;49.58
5879;345;10;79.1
5880;205;2;40.75
5881;131;7;68.52
5882;285;2;58.32
5883;157;1;16.62
5884;357;2;35.31
5885;407;4;11.81
5886;8;7;10.47
5887;206;1;23.35
5888;347;6;92.42
5889;370;7;93.34
5890;128;3;45.57
5891;86;7;77.49
5892;263;7;54.22
5893;169;7;60.82
5894;42;8;6.91
5895;477;10;44.04
5896;419;6;98.18
5897;173;8;91.79
5898;458;6;77.22
5899;390;6;89.51
5900;153;4;44.82
5901;495;10;67.15
5902;469;8;83.7
5903;97;8;23.03
5904;194;8;101.72
5905;445;6;55.68
5906;425;1;80.37
5907;175;8;74.14
5908;53;9;111.12
5909;202;10;5.93
5910;63;8;60.64
5911;13;10;43.52
5912;275;2;48.64
5913;140;6;68.54
5914;408;5;55.39
5915;346;3;72.83
5916;97;3;25.16
5917;413;7;86.88
5918;237;7;7.26
5919;28;9;99.23
5920;483;1;31.08
5921;278;5;79.79
5922;453;4;65.63
5923;142;1;79.4
5924;123;3;70.37
5925;375;4;74.81
5926;371;7;71.31
5927;364;9;61.42
5928;400;7;48.02
5929;277;7;85.61
5930;480;3;53.5
5931;298;1;54.74
5932;458;6;85.44
5933;417;9;20.84
5934;352;4;84.52
5935;98;3;47.46
5936;233;3;82.87
5937;418;1;53.6
5938;307;10;69.54
5939;114;5;14.03
5940;480;7;42.0
5941;210;7;108.82
5942;126;1;15.29
5943;171;10;27.33
5944;157;1;15.02
5945;85;10;36.79
5946;167;2;32.36
5947;364;7;83.43
5948;409;10;12.34
5949;73;7;17.52
5950;179;7;94.08
5951;98;10;53.77
5952;200;2;59.14
5953;489;4;96.64
5954;255;2;46.55
5955;295;8;99.68
5956;384;4;6.4
5957;170;3;72.75
5958;199;9;92.99
5959;248;6;32.38
5960;201;5;31.69
5961;165;10;39.74
5962;488;8;52.32
5963;477;5;44.96
5964;369;3;28.94
5965;403;5;21.38
5966;240;10;76.61
5967;63;5;57.75
5968;185;6;90.02
5969;301;1;79.92
5970;159;7;13.84
5971;58;9;56.06
5972;259;6;56.58
5973;471;6;48.75
5974;287;8;24.85
5975;83;9;5.61
5976;395;4;29.43
5977;151;1;52.82
5978;389;10;55.34
5979;237;7;7.8
5980;413;7;103.7
5981;56;5;17.63
5982;475;1;12.33
5983;443;7;67.12
5984;272;6;61.49
5985;80;8;73.53
5986;182;6;80.66
5987;208;1;5.8
5988;473;1;38.87
5989;212;5;25.1
5990;217;1;19.29
5991;21;3;63.62
5992;361;9;34.15
5993;269;2;47.74
5994;338;10;69.51
5995;298;8;65.38
5996;411;1;77.28
5997;2;6;101.88
5998;437;3;77.24
5999;252;10;64.61
6000;274;8;35.21
